Man1,Man2,Man3,Serv1,Serv2,Serv3,Serv4
-0.010376336,-0.002811634,0.0010443272,0.0042069536,-0.00431953,-0.011520534,-0.000218869
-0.015294139,-0.017052611,-0.002008442,0.0131441983,0.003391672,-0.005959107,0.0057524263
-0.005597689,-0.000867514,0.0076472211,0.002495059,-0.004570792,-0.011096758,0.0104836111
-0.006594511,0.0080150716,0.0021403175,-0.006727501,-0.003915131,0.0042503583,0.0055157169
0.0080060066,-0.004137202,-0.002886513,0.0117902676,0.0111748184,0.013899308,-0.006460089
0.0090888813,-0.002099296,0.0068397409,0.0083455748,-0.004702975,-0.00163978,-0.003244047
-0.003839431,0.001096463,0.0094537826,0.015282801,0.0060615672,0.0016553234,0.0122324835
0.0097616309,-0.007982441,0.0024226775,-0.008364883,-0.010332569,-0.005844558,-0.005264375
-0.00766548,0.0035728739,-0.005306547,0.0124144684,0.0028690812,-0.012112368,-0.003640899
0.0028503874,0.0048675588,0.0105224521,0.0085467631,-0.002126978,0.005293609,0.0104891406
0.0052407082,0.0053366708,0.0017754423,-0.002661744,-0.000033207,-0.005341164,0.0141405349
0.001110596,-0.00032246,0.0059406076,0.0045715124,-0.003648058,-0.006556855,0.0074512695
0.0003114105,0.0027926592,0.0017541333,-0.006055298,0.0242709512,0.0060822014,0.0106108639
0.0235722897,-0.008838656,0.005662263,-0.006885222,-0.002264822,0.0066109392,0.001982277
-0.011759859,0.0000518967,-0.013629422,0.0172183666,0.0191114513,-0.003098955,0.0035828511
-0.016483494,-0.007392404,0.0091126591,0.0068537589,-0.001024898,0.0062589322,-0.000263216
-0.00856301,-0.009240521,-0.009259395,-0.001896563,0.002796772,-0.00210171,0.0184885347
-0.010030533,-0.000784326,-0.010390498,-0.002687578,-0.014486648,0.00446101,0.0205634824
0.0082472796,0.0005041971,0.0079248882,0.0049640788,-0.003067311,0.0020904388,-0.009292087
0.0091411767,0.0182104401,0.0031102094,0.0145153689,0.0102245653,0.0079906081,0.019913275
0.0124928748,-0.009648595,0.0063308467,-0.003727141,-0.006651494,-0.007556756,0.0060647822
0.0201768474,0.0106618764,0.0046867466,0.005237334,-0.010395329,0.0200632211,0.0124724074
0.0085602367,0.0156362119,0.0112832408,-0.0023304,0.0263343716,-0.009964115,0.0102494093
-0.004554416,-0.025925319,-0.018377765,0.0008916757,-0.005657518,-0.001358857,0.0010566965
0.0017699218,-0.001264848,0.0108896131,-0.009960211,-0.002621492,-0.006220394,-0.014953787
-0.007907287,-0.006388352,-0.001544931,0.001693985,0.0010682399,-0.002768449,-0.002255526
-0.004001129,-0.011452481,-0.00141464,0.0059159432,0.0023999023,0.0079281425,0.0049706279
0.0119419256,0.0074985334,-0.000625594,0.0226585451,0.0113469693,0.0040591639,0.0099743002
-0.013604345,-0.004510809,-0.000196981,-0.02032484,0.0051434196,0.0077438991,-0.020880177
0.004967501,0.0202521743,0.0215942248,0.018218284,0.011912859,0.0328237754,0.0085479665
0.0168208701,-0.002969489,0.0049189566,0.005546883,-0.002620861,0.0006252188,0.0031626083
0.0003028188,0.0096369644,-0.000063737,0.0052296472,0.0009513155,0.0052650494,0.0137233648
-0.009807169,0.0063671134,0.0141232962,-0.010833483,-0.001289917,-0.000947616,-0.013395104
0.0032759556,0.0052428827,0.01046916,-0.005926216,-0.003404273,-0.008744507,-0.014812288
0.0020588295,-0.022195981,-0.000464882,-0.01489122,0.0010995674,-0.008852638,-0.014547437
0.0282025841,0.0349214712,0.0121726832,0.0226698734,-0.01235218,-0.006627267,-0.00192575
-0.010358822,0.0027013978,-0.007032281,0.0191210065,0.0043285886,0.0020603488,-0.002589619
-0.007972525,0.0016253233,0.0038762916,-0.00202422,0.0024349286,0.004740445,0.0016908589
-0.001973012,-0.002296545,0.0086763806,0.002576317,0.0076391308,0.0089799848,0.0033193797
-0.018030383,0.0038617685,0.0024562358,-0.00305715,-0.000803881,0.0160700622,0.0070959773
0.0153442316,0.017340505,0.0151397029,-0.000204902,0.0111785933,0.0027977502,0.0044738959
0.0081239976,-0.004077297,0.011979688,-0.013812047,-0.014304673,0.0066036975,0.0213714996
-0.028247383,-0.000448938,-0.002034049,-0.015287144,-0.019537137,-0.007285943,-0.020982151
-0.01475237,-0.000517962,-0.009871169,-0.01424597,-0.012274956,-0.003396821,-0.002918865
0.0002332434,0.0110358334,0.0077642541,0.0016617892,0.0130978188,0.0107543305,0.02107791
0.0031335307,0.000509136,0.0011661327,0.0046709547,-0.005567828,0.0182790448,-0.005305479
0.0007724948,0.0052897238,0.003486605,-0.011000025,-0.00049947,0.0031104784,0.0042518393
0.0064782886,0.0089851254,-0.000076294,0.0164251993,-0.008855772,0.0108866308,0.006934884
0.0129330979,0.0050633482,-0.007636715,-0.00799724,0.0159952703,0.0061191476,0.0107651873
0.0040929381,-0.008404114,-0.013427292,0.0119005402,-0.00023352,0.0089470217,-0.003532071
0.0044139619,0.0157722655,0.0042628327,-0.002548393,-0.009107789,0.0029936279,-0.005113516
-0.00192273,-0.009486634,0.0076108793,-0.006135063,-0.009855525,0.0216057703,-0.004457178
0.0187872476,0.0195132572,0.0166917142,-0.003317172,-0.001255502,0.0042074667,-0.000261976
0.0073026234,0.0003070988,-0.000302306,0.0090834313,-0.001644411,-0.001482595,0.0051871374
0.0174661974,0.0234602648,0.0040409526,-0.002679968,0.0062959597,0.0022694773,0.0097555351
-0.000759494,0.00811035,-0.004133729,0.0022600153,0.0040861265,0.0087770552,0.0044678095
0.0006690351,0.0086535778,0.0139096623,-0.005039553,0.0034162608,0.025677774,0.0009375169
0.0051681654,0.0174796532,0.0062874086,-0.00097891,0.0196215681,0.0120111125,0.0140396243
-0.002304902,0.0102881711,0.0222801161,0.0041663668,0.0048860225,0.0047673926,-0.012503452
-0.013046545,-0.010319816,-0.012447957,0.0038163578,-0.024577384,0.0037020362,0.0100654265
-0.000114788,0.0034801093,0.0078020028,-0.005722037,-0.011128793,-0.024906553,-0.016151564
-0.007863695,-0.006421512,0.0027718637,0.0007453703,-0.015046173,0.0007296168,0.002536706
-0.00713478,0.0043969724,-0.002746967,-0.014831337,0.0137127574,0.0008153897,0.0106094179
0.009965126,0.012972768,0.0362498488,0.0053022309,-0.006533424,-0.005867803,0.0005145408
-0.016069801,0.0016374202,-0.002781985,0.0146637391,0.0025873962,0.0195655305,0.0045881401
0.0003515622,0.003767291,0.0157464857,0.0013357621,-0.000946191,-0.004743029,-0.000548829
0.0065845195,0.0052396032,-0.014985666,-0.004167359,-0.020351068,0.0191847294,-0.006770438
0.002959587,-0.002030997,0.0050250401,-0.016505265,-0.008015286,0.0033741982,0.0162345422
-0.004014008,0.0063665034,0.0086016839,-0.005995534,0.0165526058,-0.011764905,-0.000343527
0.0089436911,-0.006023104,-0.010247484,0.0023471584,0.0155841423,0.0046846105,0.0025966849
0.0119364988,0.0000628443,-0.00168466,0.0009203948,-0.007089669,0.0057604163,0.0025595573
0.0086282909,-0.00435354,-0.00392004,-0.002496114,-0.005110946,0.0158383278,0.0101246307
0.0012077449,-0.009003097,-0.007761625,0.012509947,-0.001729744,-0.008086417,-0.00222653
-0.011195044,-0.006726549,-0.01120491,-0.014770416,-0.002917386,0.0050990212,0.0118852531
0.0106690973,-0.008243991,0.0017670355,0.005222883,0.0049533362,-0.004999098,-0.007956357
0.0011937957,-0.015284711,-0.027585222,-0.013908532,-0.002608981,0.0117894788,-0.006547838
0.0136124457,0.0001565222,-0.008100004,0.0042205801,0.0007744143,0.0007451329,-0.00942791
0.0013887467,-0.002405584,-0.013133593,-0.009665969,-0.017612303,-0.000734711,-0.020741989
-0.000259573,-0.001949872,-0.008104274,0.0149890292,-0.002141389,0.0117571304,-0.010444597
-0.005893355,-0.002268781,0.0011830782,0.0222151147,-0.004650376,0.0132390515,0.0096276945
-0.017675541,-0.001865997,-0.006055113,0.002255107,0.0158891916,0.0012103329,-0.007254
-0.010279912,0.0017742637,0.0024904072,-0.011899615,0.0187211387,0.0137441544,0.0061730854
-0.008182779,-0.005355873,-0.020389319,0.0010615421,-0.00128396,0.0110353471,-0.006148995
-0.013879664,0.0098123056,0.0070993607,0.0211261972,0.0083817532,0.0214168615,0.0127513608
-0.007714662,0.0071963921,-0.00779439,0.0030663364,-0.00510246,-0.000404235,0.0038545704
0.0018392052,-0.010926448,-0.017093273,0.0165516624,0.026296193,0.0228435595,0.004540885
-0.001242189,0.0068976933,-0.007128462,-0.000048638,-0.002370131,-0.000745095,-0.003532164
-0.008045641,0.0167063885,0.000817077,-0.00025689,0.0174817023,0.0172224468,0.0142853578
0.0143821098,0.0184135979,0.0144193934,0.0035749067,-0.000340603,-0.000414425,-0.002179976
0.0086454906,0.0026441769,0.0083204617,0.0087314403,-0.000577896,0.0145559126,0.0062580993
0.0015964525,0.0052678192,-0.011770685,-0.016726773,0.0187285467,0.0101600848,-0.001897009
-0.000100718,0.0084066121,-0.012505205,0.0128872566,0.0104684199,0.0022739799,0.0012561121
0.0127293119,0.0056667607,0.0090294374,0.0023365648,-0.007946499,0.0011002723,0.0033729378
0.0184897925,0.0024240553,0.0048965,-0.003014685,0.0004690167,0.0141117158,0.0151572569
0.0106496913,0.0145029505,0.0061464892,0.0019196919,0.0113220599,0.0023761661,0.015334268
0.0178180699,0.0189676285,0.0278073475,-0.004273206,0.0110935754,-0.002340996,0.0112907783
0.0032872846,-0.000585266,0.0058921401,0.0156302459,0.0012431127,0.0179056053,0.0107998891
0.0028561244,-0.00021877,0.0045085069,0.0009250381,0.0032670729,0.0056593706,0.0046808911
-0.006183146,0.0040815877,0.0095015151,0.001695818,-0.010976584,0.0023227646,-0.00440797
-0.01728559,-0.001210758,-0.001108019,-0.014774662,-0.004631343,-0.003893978,0.003172434
0.0095368003,0.008992131,0.0102755554,-0.02265603,-0.002029965,0.0112688983,0.0195274083
0.0027108973,0.011673881,0.0136714939,-0.002682223,0.0121070561,0.0120871871,0.0028762007
0.0161008943,0.007689969,0.0144837369,-0.003724771,-0.008096241,-0.00718497,0.0070088117
-0.005013994,0.0004589322,0.0013530847,0.0018820636,-0.020129043,-0.013444296,-0.0130261
-0.004499934,0.001175345,-0.005209128,-0.009463327,0.0126201274,0.0099207912,0.0092965301
-0.012383341,0.0057837306,-0.014893949,0.0161317585,-0.014249974,0.0118277248,0.0132891634
-0.002702683,-0.002033587,-0.002340978,-0.006000638,0.0088059121,0.0023099196,0.0036409926
0.0076128571,-0.002771109,0.0065624768,0.0106547714,-0.007104559,0.0035503014,-0.00336259
0.0088435956,-0.000767758,0.0048608411,0.0196803481,0.0137417604,-0.004518117,0.0040803695
0.0103134866,0.003025849,0.014805615,-0.000889308,0.0012543461,-0.013124692,-0.013824707
-0.01833073,-0.005882533,-0.001294903,-0.002743222,-0.006950899,0.0140166978,0.0176922479
0.0067964079,0.0059375,-0.004532618,0.0165387634,0.016248783,0.0047571285,0.0102814714
-0.009511522,-0.009768191,-0.006017251,0.0013401065,0.0170868636,0.0197916989,0.0073105865
0.0177520073,0.0056317077,0.0073551601,0.0107896254,0.0016753122,-0.010532615,0.0004753688
0.0087742996,0.0049232289,0.0162709692,0.0002109514,0.0018051444,0.0067862185,-0.009771318
0.0080013177,0.0183182057,0.0164932808,0.0034948992,0.0057016421,-0.001380332,0.014791685
-0.010611425,-0.012902584,0.0065633661,0.0137277679,0.009500687,0.0266206977,0.0069976349
0.0023718926,-0.008160959,-0.005150049,0.0023226649,-0.015580832,-0.000635695,-0.003958902
0.0107405238,0.0220486297,0.0001528567,0.0150318566,-0.003546402,-0.003309292,-0.004648029
0.0118596678,0.0141732826,0.0060324097,0.0097624122,0.0092000649,-0.013167498,0.0082193414
-0.012252885,0.0005655805,-0.006399697,0.0078555532,0.0092274182,0.0056094998,0.0142144668
-0.003526639,-0.003500272,0.0024485244,-0.012755261,-0.003263564,0.0049087101,0.0177320372
-0.003368439,-0.000198394,0.0109109309,0.0077510461,0.0103586827,-0.008003937,-0.012221916
-0.00604475,0.00749169,0.0004406863,0.010601777,0.0048597777,0.0014895031,-0.010377783
0.0108832543,0.0055548167,0.0149559588,0.008010164,0.0089203135,0.0023448848,-0.00719787
0.0175805354,0.0181888707,0.0105435527,0.0001838432,-0.007381584,0.0148959403,0.0028633206
-0.003824446,-0.005844803,0.0026508281,-0.005936445,0.0007864298,-0.017872389,-0.004371203
-0.004699011,-0.001676638,-0.00073362,0.0083027059,0.0026821803,0.0085889434,0.0080466205
0.0027367902,0.0000285712,-0.003202903,0.0066045031,0.0052822907,0.0024106575,0.0242031006
0.012787136,-0.014720385,0.008368652,0.0057971575,-0.002215361,0.0082629221,0.0055777234
0.005713581,0.0193669721,0.006067042,0.0040744225,-0.003028015,0.0170269633,0.0141586638
0.0230169494,-0.008177485,0.0012428803,-0.009682961,-0.004062741,0.0172636738,0.0051205317
0.0081014412,-0.000962523,-0.009431058,-0.000031745,0.0040565359,-0.003178109,-0.006022238
-0.001227495,-0.002530004,-0.019542616,-0.001000575,-0.007652931,-0.004508303,-0.00220486
0.0072196641,-0.0004016,0.0135552073,0.0058394496,0.0131208727,-0.002190778,-0.002478898
-0.001273577,-0.016675478,-0.013124947,0.0061981494,-0.007099359,0.0122784914,0.0014359448
0.0067437496,-0.006129984,0.0017074309,0.0035768449,0.0021347607,0.0022107368,0.0107171671
-0.004128076,-0.002383053,0.0050109883,0.0132433416,0.0112673963,-0.009039799,0.0036322764
0.0176452116,0.0057994277,0.0160107812,0.0140725879,-0.001954486,0.0044509545,0.0171047057
-0.008781241,0.0002036899,-0.003654705,-0.018069155,0.0033111272,0.0057871076,-0.009645495
-0.007401244,-0.010099175,-0.007084314,-0.001153031,0.0017480548,0.0085378156,0.0017359538
0.0061961063,-0.018105101,-0.001289498,-0.008786659,-0.009069592,-0.012096023,0.005899445
-0.008197278,0.0081024469,-0.000673159,0.0032640283,-0.000988197,0.0086823987,0.0061273119
0.0057625251,-0.005567239,0.0067309495,-0.001350394,-0.011311366,0.0040797989,-0.020687939
0.0164256302,-0.002230012,0.0084407728,-0.013368775,0.0059394343,0.0014849862,0.016997783
0.0140975775,-0.002698314,0.0009013336,0.0009777162,0.0076032374,0.0056976863,0.0077399594
-0.004032341,0.0001025539,-0.000260018,0.0055328827,0.0045665011,-0.003786318,-0.005752251
-0.017093568,-0.011218553,-0.013605448,0.0020198509,-0.013128092,-0.003013515,0.0021592828
0.0091089524,0.0138678206,0.0110452629,-0.019116266,0.0103803546,0.0097086815,0.0097397998
0.0113825301,0.0032470817,-0.006869762,0.0112429808,-0.000919164,0.0103927764,0.0034411389
0.0292996364,0.0167606121,0.0133722002,-0.01170465,-0.004472654,-0.0027746,-0.002791997
0.0146432946,-0.002192617,-0.003164914,0.0021744627,0.0092697241,0.0020097485,-0.003365356
-0.011888061,0.0026199242,0.0011019906,0.0017300537,0.0102227777,0.008124793,-0.003796656
0.0075359399,0.0035030532,0.0112167613,0.0153810079,-0.002370813,0.0089663235,0.0003520285
0.0279332532,0.0080068842,0.0118410569,-0.008614028,0.0016925252,0.0107834527,0.0112955663
-0.001882289,0.0019680676,-0.001269205,0.0004666352,0.0074925309,0.0114936169,0.0152799532
-0.007514921,-0.014675998,0.0033124595,0.0085256434,-0.00039424,-0.005132407,0.000356837
0.0175875195,0.0016293147,-0.007885718,0.0029766043,0.0022643856,-0.000958118,-0.007630535
0.0022261239,0.0097412923,-0.006817827,-0.007340602,-0.000965476,-0.006691414,-0.012492137
0.0005585908,0.0100676976,0.0141002151,-0.008498073,0.0031538724,0.0008401781,0.0047766089
0.0059968377,-0.015698047,0.0044150974,0.0026207967,0.0147548338,0.0009642567,-0.007566428
-0.002727899,-0.016136916,-0.004282494,-0.004114334,-0.001383885,0.0088678879,0.0064937676
-0.004387366,0.0016608077,-0.000776304,-0.019963086,-0.010926812,-0.004869378,-0.008347455
0.0031317499,-0.002864454,0.014933275,0.0176753481,0.0132289531,0.0260864426,0.0078224671
0.0031807189,-0.002666909,0.0043399973,-0.003809041,-0.017183344,-0.017732278,0.0017538879
0.0067899505,-0.019854235,-0.007369428,-0.019781321,-0.010565916,-0.017746771,-0.019967966
-0.000570882,0.0134502471,0.0098500356,0.0193351247,0.0071452006,-0.008186874,-0.003267205
0.0053545605,0.0085902083,0.0016782944,-0.004721257,-0.001544734,0.0144449616,0.0050157118
0.019821885,-0.014454346,0.0078193852,0.0159525341,0.0063534697,0.0146805066,-0.000774987
-0.007579153,-0.007938297,0.0070970356,-0.003601603,-0.010638438,0.003724539,0.0004696047
-0.012303745,0.0045223862,-0.003684006,0.0107932275,-0.003059574,-0.00066751,0.0041370787
0.0057080262,0.0105495078,-0.004684243,0.0141522479,0.0049117916,0.013889737,0.0118100544
-0.009888048,0.0048919002,-0.01642094,-0.00916251,-0.006478761,0.0081384389,-0.000905681
0.0037567668,0.0072311469,0.0065910446,0.009830574,0.0172374044,-0.004480243,0.0160465522
-0.016815059,-0.010514708,-0.011009089,0.0156285287,-0.000554842,0.0136237019,-0.009896897
0.0072506682,-0.008320737,0.0037032752,0.0122002906,0.0010885243,0.0004531647,-0.000284355
-0.011386003,0.0086618385,-0.007724493,0.0159054915,0.0130696496,0.0057186405,-0.000542522
-0.000555678,0.0155269603,0.005665663,0.0037121711,0.0189631563,0.0099095011,0.0164074257
-0.012982579,-0.001211897,0.0101089834,0.0057089328,-0.000167324,-0.00228995,-0.015518456
0.0178826441,0.00100508,0.0025387154,0.0014840405,-0.00019463,0.0070623528,0.0125394958
0.0010199504,-0.001163629,-0.001312934,0.0132460829,-0.012995962,-0.011505898,0.0017392211
0.0019172551,0.0139963192,0.0123798039,-0.001220058,-0.004645805,0.0031512639,-0.005436676
-0.013173987,0.0059334433,0.0046594284,0.0052872824,0.0034014983,0.0005725775,-0.023769922
0.0009528211,0.000149606,-0.005885022,-0.00635479,0.0113045489,0.000957286,0.006932111
0.0068847128,0.0092931073,0.0182378246,0.0112761618,0.0050281329,0.0184218605,0.0082986728
0.0007535774,0.0171877906,0.0069043899,0.0071710898,0.0062143391,-0.001062706,0.0101769611
0.0005456183,0.0245276626,0.0156813264,0.0022312789,0.0268834105,0.0094402956,0.0102207748
-0.017335821,-0.008578095,0.0029376922,0.0156124971,-0.006117351,-0.002453216,-0.007593941
0.0112127525,0.0089668749,-0.009477615,-0.004849184,-0.003415467,-0.009238494,-0.002107949
-0.012509248,-0.003869602,-0.012099813,0.0059938971,0.0015159804,-0.00205939,-0.001260211
-0.013309828,-0.007536231,-0.000774976,0.0011612639,-0.003115442,-0.002461473,0.0042477152
0.0044583634,-0.006441654,-0.018113208,-0.014389283,0.0052247841,0.0006918933,-0.016169347
0.000817225,0.0021911363,0.0129599809,0.002884044,0.0097420819,0.0112524547,0.0214333792
-0.006045711,0.0010599696,0.0011912842,-0.00305914,-0.022134618,-0.019621662,-0.014427338
0.0286832038,0.0146498777,0.0161316375,0.0101949751,0.0268869729,0.0232520154,0.0226590077
0.0158036105,0.0207111392,0.0199506441,0.0155849081,0.0241912953,0.0225792225,0.0259097089
0.0076390356,-0.000345223,0.0054344296,0.010631951,0.0094640922,0.0025815987,0.0084031568
-0.009263545,0.0110346869,0.0109918587,-0.011427295,0.0027949613,0.0077196673,0.0075719307
0.0109386119,0.0194250484,0.0214764284,-0.006165415,0.0204398393,-0.007566357,0.0138381894
0.005460588,0.0092415873,0.0008768783,0.0062958621,0.001988464,-0.009468975,-0.004398601
-0.006740035,0.0092250036,0.0195688324,0.0176448961,0.0017103095,-0.000310891,0.0141276379
0.0051949683,0.0041448419,0.0174642354,0.0158877872,0.0125060844,-0.001889887,0.0142251823
0.0051120514,0.0007933633,-0.004231965,0.0002902893,0.0060753119,0.0234363884,0.0072082307
0.0053223993,0.0235388301,0.0306697556,-0.007117065,0.0046691295,0.0100248368,0.0037172864
-0.00092079,-0.000932093,-0.007329362,0.0069678565,0.009258836,-0.002246033,0.0040228845
0.0076438705,-0.005132596,0.007462675,0.0115114163,0.0220637892,0.010656422,0.0047192048
0.0070292084,0.0128143619,0.0233211043,0.0045572738,-0.017412501,0.0039957965,-0.007958853
-0.00542792,0.0067201185,0.018254823,-0.000646846,0.0134701753,-0.00087162,0.0040943057
0.0006661881,0.0085241201,0.0213554175,0.0088671633,-0.002689246,0.0044666991,0.0085886581
-0.001485369,-0.002325099,0.0061809545,-0.001114808,-0.003999957,0.0165600211,-0.001052819
0.0055597883,-0.008046936,-0.003783252,0.0109662943,0.0130222284,0.0143687338,0.0057442947
0.0005614504,0.0062360728,0.0073589192,-0.001025144,0.0050939092,-0.00237286,0.0041570199
-0.001665844,-0.007819991,0.0021422526,-0.008437121,0.0055169365,-0.004348338,-0.0026041
0.0162397996,0.0025225267,0.0100962654,0.0040293248,-0.003049137,0.0008031747,0.0172299892
0.0153486921,0.0180997994,-0.003842507,0.0054415627,0.0009430796,0.0058336575,-0.006418402
-0.011712314,-0.00925133,-0.008253086,0.0152617937,-0.006101492,0.0045028806,0.0086609276
-0.014626536,-0.011294961,-0.010926747,-0.004959188,0.0193672001,0.0039934402,0.0025518893
0.0063185288,-0.014147812,-0.000107833,0.0036036266,0.0023156471,-0.005318085,0.0119156398
-0.004106429,0.0007711087,0.0115117479,-0.00223599,-0.004825539,-0.005737121,0.0060464123
0.0131913843,0.0171986669,0.0155488565,0.01355952,0.0033106377,0.0193481846,0.0208143223
-0.008624023,0.0059761312,0.0011549748,-0.004362371,-0.007095378,0.0067127918,0.0025942376
0.003711809,-0.003155027,-0.003240737,-0.004026006,0.0106411842,-0.005484837,0.0143884519
-0.008963375,-0.008513211,-0.009374348,-0.007359843,-0.003722253,0.0093403589,-0.017320166
-0.007750073,-0.005942664,-0.001179797,-0.019212356,-0.004400744,0.0194759128,-0.002973621
0.001648447,0.0010769954,0.0062560862,0.012535292,0.0032720979,0.001806138,-0.020901351
-0.005901134,0.0031527835,-0.007128152,-0.004510013,-0.000427416,0.0107816637,0.0006308759
-0.004653157,-0.003313468,-0.003483254,0.0185156455,0.0086297154,-0.010374978,0.0004100656
-0.023054054,-0.005850504,-0.004551117,0.009919966,-0.009362181,0.0031212675,0.00330973
0.0061474539,0.0092566557,0.0130554675,-0.004118486,-0.007498018,0.010986159,-0.011925975
-0.004708866,0.0144740018,-0.009526904,0.0060266525,-0.018731303,-0.017280771,-0.013001785
0.0094118879,-0.015267822,-0.005322873,-0.011947805,-0.00642264,-0.013801411,-0.001224186
0.0171576765,0.0043211263,0.0004850325,-0.005323228,0.0085192094,0.0016898071,0.0065956886
-0.007540014,0.0087168923,0.0068374223,-0.017530867,0.016026045,-0.005283151,0.0202158686
-0.010222394,0.0025189367,0.0100414272,0.0027965831,0.0079364474,-0.0006105,0.0087736161
0.0021726995,0.0032442303,0.0010871592,0.0042723672,0.0032722617,0.0043693372,-0.008166052
-0.00759666,-0.010257548,-0.005005695,-0.001496412,-0.003333792,-0.017172955,0.0014579829
-0.002494224,-0.016257286,-0.004556075,-0.004519776,0.0038027758,-0.001974408,0.0122305702
0.0157043121,0.006499238,-0.006687014,-0.000599567,-0.004672703,0.0063314238,-0.005569338
-0.011879567,-0.004632003,0.0014490969,0.0039879059,0.0084414466,0.0021547017,0.0085182592
0.0137162882,0.0165208155,0.0161333439,-0.002301873,0.0222044305,0.0130530339,0.0138687728
-0.020033693,-0.00480427,-0.01108579,-0.005199669,0.0023843882,-0.00722493,0.0075802637
-0.002217761,-0.002394017,-0.011737318,0.0117499476,0.0267959515,0.0023849395,0.0105102154
0.0033587781,-0.002259479,-0.003789917,-0.003542381,-0.009656709,0.0043120771,0.0105707906
-0.005998739,-0.015181842,-0.009361027,0.0005853516,-0.000238488,-0.009363134,-0.002305683
0.0156570062,0.0038450021,0.0013551929,0.0071356665,0.0036983917,-0.007526432,-0.012162323
-0.008573978,-0.001885659,-0.012600449,-0.010038058,-0.000580852,-0.009157999,-0.007419378
-0.005050598,0.0126275803,0.0085683374,-0.000917685,0.0084155739,0.0045470074,-0.001381608
0.0034549245,0.0130961889,0.0071059173,0.0064719929,0.0118715987,-0.005848829,0.011648226
-0.015574699,-0.003691889,0.0080545454,0.0068393116,0.0021388316,-0.012675306,0.0065070775
0.0185165416,0.0057381428,0.0058204842,0.0050917128,0.0091803866,0.0034376702,0.0061053335
-0.014631866,0.0022766157,-0.002548888,0.0101824246,-0.009365145,-0.00124978,-0.004220002
0.0014724019,0.0061097946,0.0012094256,-0.001854807,-0.002404196,0.0207842078,-0.001040944
-0.001861069,0.0071527353,-0.005290255,-0.004751445,0.008505191,0.0145468721,0.0103453887
0.0107952159,-0.002614757,0.0068222326,0.0002822481,0.000732564,-0.008599968,0.0093320906
0.0068913036,0.0074509137,0.0115765223,0.0216853204,0.0088016091,0.0147703373,0.0111255971
0.0035639314,-0.001355501,0.0137302455,0.0104810699,0.0149375047,-0.000080292,0.0030734714
-0.003969193,0.0093616145,-0.002264932,0.0132168888,0.0196999738,-0.002357564,0.0104246116
-0.013361625,-0.006017613,-0.001512772,-0.001064812,-0.009244209,0.0156587713,0.0008672003
-0.007459999,-0.017962305,-0.007986296,0.005138446,-0.003005839,-0.004362815,0.0040303171
0.0032002932,-0.000412325,-0.008680477,-0.006866429,-0.005959206,-0.000831101,0.0001342542
0.0122816579,0.0283957079,0.0076776284,-0.00589889,0.008944135,0.0010239962,-0.001530327
0.0147007739,0.0056288469,-0.001785115,-0.004285649,0.0057545822,-0.004574447,0.0060713557
0.0045941655,-0.010656602,-0.011615089,0.0156044619,-0.023112881,0.0029865623,-0.001848632
-0.007341346,0.0035098481,0.0088846146,-0.004887715,0.001421279,0.0085716769,0.0135216457
-0.000091511,-0.010937869,0.0054861235,-0.004752821,-0.007245105,-0.003718506,0.0016083076
-0.005100371,-0.003991423,-0.007938921,-0.015111169,-0.009700034,0.0107770957,-0.000631354
-0.003318817,-0.009963167,-0.002158403,-0.00045176,0.0022163811,2.7816754E-6,0.0098569117
-0.011396614,-0.012806142,-0.01655898,-0.011710373,-0.015281745,0.0099757828,-0.001738139
0.0038840407,0.0043520551,-0.005207903,-0.001395624,-0.000168599,-0.017953866,-0.009427366
-0.009812456,-0.008920758,-0.013486303,0.0059100836,-0.009548232,-0.010296371,-0.005775945
-0.003998497,0.0011607188,0.0049459878,-0.008011504,0.0092623736,0.0119509139,0.0150318696
0.002308869,0.0067227542,-0.001655493,0.0099202569,0.0146920576,-0.011471471,0.0161792616
0.0169876575,0.0092446797,-0.005255503,0.004303291,-0.014878827,-0.007343765,0.0018494607
0.0059166249,-0.004168916,-0.014923724,0.0042565095,0.0168917148,0.0006286535,0.0030148014
0.0135440778,0.0191053197,0.0005047832,0.0146078622,0.000497796,0.0070755463,0.0036518794
0.0004716823,0.0107075337,0.0259921333,-0.016962009,0.0091507736,0.0075512508,0.0036572438
0.0124271277,0.0018280033,0.0030449878,0.0066143768,-0.000275402,0.003043339,-0.002056632
0.0133448766,-0.003096276,0.0014563337,-0.003989463,-0.003482887,-0.000656533,0.0124384069
0.0060656039,-0.007688375,-0.003900383,0.0069028012,-0.00772056,0.0015370397,-0.000608839
0.0005003699,-0.004640537,-0.001831669,-0.004327346,0.0015055293,-0.002172971,-0.012401223
0.0060969477,-0.012927242,-0.021906033,0.0046221087,0.0258410704,-0.003065895,-0.003663701
0.0070337642,-0.001038516,-0.000304926,0.0185816601,-0.014353895,-0.002834985,0.0040609972
0.0045464055,-0.004288735,0.0089426569,-0.002108433,0.0099231627,-0.007612875,0.0074373249
0.0098269369,-0.000284253,0.0002910374,-0.005914354,-0.000872248,-0.001372577,-0.010539249
-0.005984299,-0.002248082,0.0013087206,-0.007004427,-0.013633853,0.0014774001,0.0048922054
-0.012629814,-0.009215246,-0.030830864,0.0032307108,-0.020198081,0.0008995544,-0.020289409
0.0002290419,-0.009182625,-0.004685532,0.0047091463,-0.023023427,-0.006375352,-0.015206573
0.0016807988,0.0226822399,-0.002606861,0.0083547331,0.0140397566,0.002406644,0.0124336866
0.000061577,-0.000082456,0.0084762866,0.0001154962,0.0057022254,-0.010264622,0.0135835361
-0.005142753,-0.020306263,-0.013460139,0.0097901264,-0.017645386,0.0012031283,-0.02057187
0.0006723437,0.0024134582,0.0016269557,-0.013724743,0.0143529077,0.0060660301,-0.009971222
0.0007092346,-0.01202179,0.00664438,0.0009543486,-0.004903599,0.0071203958,-0.006991453
-0.000549933,0.0035024006,-0.011440954,0.0089203017,-0.00670571,-0.009458833,-0.000567916
0.0137971483,-0.004695976,0.0018526928,0.0146743201,0.0145181156,0.0269316944,0.020697885
-0.009658145,-0.005928891,0.0101158901,0.0150595412,0.0078064664,-0.016965629,-0.011265552
0.0047799022,-0.001551264,0.0078087585,-0.005867549,-0.001198463,0.0199992903,0.0030338238
-0.000350207,0.0073345227,0.0118353658,0.0001894086,0.0003239289,0.0002546978,0.0136363529
-0.012309304,-0.01778331,0.0019064008,0.0022688616,-0.005726757,0.0049485699,0.0058539572
-0.004270174,-0.004526994,0.0001382053,-0.005311467,0.0074925157,0.0178402206,0.0022843214
0.0191657525,0.0062550513,0.0064503889,-0.001751919,0.0080043336,0.0319210627,-0.005455773
-0.00698211,-0.004566756,-0.009143883,0.0187078061,0.0037143674,0.0045938378,-0.012755348
0.0078141453,0.0180906679,0.0064128179,0.0155639953,-0.001555074,0.0012448315,0.0154501969
-0.006047855,0.0112959719,0.0191169585,0.0087742774,0.0102408997,0.0144354769,-0.009139849
-0.01620526,-0.011234222,0.00045019,-0.015545341,0.0026528782,-0.004362328,-0.015238755
0.0152730853,0.0181180391,0.0317344504,0.0107705775,0.0021537295,-0.002486429,0.0149113349
0.0021178031,0.0022197245,-0.007966616,0.0016653511,-0.007194512,-0.018531413,-0.009900482
0.0063253629,0.0004090879,0.0082838005,0.0009780554,0.0026418412,0.0003864625,-0.002017052
-0.023749627,-0.023448701,-0.01478746,-0.028546039,0.0136151983,-0.00671267,-0.006616074
0.0028016178,-0.002943021,-0.013227668,0.0035538158,-0.008415067,-0.012789818,-0.000845104
0.010439773,0.0044031027,-0.004597147,-0.001365517,-0.001616184,0.0008963368,-0.000958859
0.0118618713,-0.001790086,0.0092219695,-0.011676034,0.005435287,-0.005708608,0.0073142761
0.0050367394,0.0157250198,0.0008657564,-0.009900965,-0.01185424,-0.005879475,-0.004811897
-0.008827231,-0.013187615,-0.010888604,0.0016322017,0.0032629124,-0.013790477,-0.012944832
0.0022432119,0.0105379514,-0.007026056,0.0064907794,-0.001758704,0.0052469552,0.0074550205
0.0012638355,0.012014745,0.0008380529,0.012603993,0.004543145,0.0177742566,-0.004135729
0.0058217192,0.0103865713,0.0123123528,0.0285394744,0.0015930722,0.0061803324,0.016271128
0.0094046174,0.0099319216,0.0088496618,0.0106212277,0.0011431272,0.0050815127,0.0110074896
0.0150939556,-0.001857289,0.0031371169,-0.001991855,-0.000822251,0.013885845,0.0225640951
0.0049271377,-0.002397958,-0.012697082,0.0116928559,-0.008382362,-0.001351283,-0.002683763
0.0004292984,0.0099569076,0.0102793269,-0.003532732,-0.00487506,-0.001732465,-0.009414893
0.0006835017,0.00017956,0.0136264105,0.013717018,0.0004134146,-0.003616418,0.0163729826
0.0080492154,0.0039050151,0.0099231366,0.0066710954,0.0093571648,-0.016651271,0.0057607875
-0.003251232,-0.008389816,-0.015804213,-0.021959248,-0.001811868,0.0001736036,-0.010164967
-0.000922885,0.0145722537,0.0030334298,-0.006594733,-0.020424477,-0.010489488,-0.013350173
-0.001018032,0.0006627613,-0.006476743,0.0042528751,0.0039186467,-0.01269996,0.0171300399
-0.004420558,-0.012331146,-0.009480915,-0.003236473,-0.002349305,0.0010744144,-0.002008689
0.0010074111,-0.009532768,-0.008211346,0.0004064591,0.0083831354,-0.003783712,0.0222967357
0.0052024082,-0.003252802,-0.011921589,0.0051941185,-0.010392374,0.001022766,0.0072497841
0.0208035873,0.0159035486,0.0219175603,0.0200958333,0.0177066827,0.0115114093,-0.001508376
0.0089624804,0.0004446993,0.0089919873,-0.002460945,0.0073668473,0.0071287726,0.0127221722
0.0025676317,0.004352915,0.0102498366,-0.011681141,-0.000842847,-0.007550544,0.0007752836
0.0039637429,0.0036151203,0.0004310382,0.0164904994,0.0059763281,0.0032518668,-0.004713297
0.0053374043,-0.005771446,-0.005642715,0.015934767,-0.003270721,-0.000998254,0.0050560553
-0.003856623,0.0074899178,0.0069712814,-0.007368887,-0.000112445,0.0018444395,0.0036994544
-0.00444579,-0.000116816,0.0009884491,0.0072123502,0.0111726117,0.0153488532,0.0106458887
-0.012150534,-0.001202968,0.0147454856,-0.008463115,-0.002996799,-0.00062058,-0.01124497
0.0027624268,-0.004481265,-0.000989178,-0.011340418,-0.00215552,-0.005371765,0.0088385698
0.0068455502,0.0041118922,-0.006756555,-0.003484779,0.0086439655,0.0141328423,0.0128606901
0.0049170027,0.0005532697,0.0088491961,0.0101355931,0.0121295366,-0.001304725,0.0145390944
0.0017712162,0.0112797095,0.0068917571,0.0052629329,0.0057360545,0.0031736329,0.0068989151
0.0031846609,-0.00239473,-0.009976936,0.0030689517,-0.007288596,-0.020464709,-0.022162756
-0.001894016,-0.014528302,-0.018204456,-0.007114332,-0.00777173,-0.000024083,-0.006232212
-0.001460097,-0.010940863,0.003020524,-0.001823409,0.0102517818,-0.001830457,-0.020208117
0.0104259732,0.0099097326,0.0068262489,0.0082919828,0.0123380892,0.0092437741,0.0065928949
-0.002751999,-0.005517408,-0.007459628,0.0012423261,0.0128488558,0.012434511,0.0025372938
0.0066776063,-0.00869925,0.0052291921,-0.020927265,-0.014271078,-0.027532932,0.0002080438
-0.006509239,0.0182056078,0.007267314,-0.005715661,-0.01598895,-0.017792546,-0.004933262
0.0133112773,-0.005567603,0.0149982517,0.0280376007,0.0226667579,0.0176803266,0.0092233286
-0.009670366,0.0049811367,0.0192262175,-0.002037299,0.0146417999,-0.002962437,0.0196245897
-0.003632488,-0.003315932,0.0013398163,0.0026922258,-0.00616969,-0.001248364,-0.004100734
-0.01636809,-0.006547359,-0.007761298,-0.003516035,0.0063440908,-0.006571081,-0.016014301
-0.009969407,0.0005815691,0.001939197,0.0081967879,-0.005595375,-0.001643995,-0.000448525
0.0035856262,-0.01245272,-0.015033911,-0.0085492,-0.001835121,0.0080463197,-0.011441639
-0.003182078,0.000164981,-0.003111875,0.0042354232,-0.003243725,-0.019067574,-0.007491949
0.0049063838,0.0080967869,-0.005346365,0.0056488678,0.0159437163,-0.002147342,0.0028841375
-0.002441938,-0.007255801,-0.018089685,0.0174247142,0.0023339976,0.0086823453,0.0038467631
0.0004449496,-0.016232792,-0.004777296,-0.011392688,-0.004236725,-0.010620385,-0.012138136
-0.003402072,0.0083134247,0.0009052232,-0.006540595,-0.005218257,0.0223729928,0.0078589894
-0.008977352,-0.001609467,0.0097273682,0.01200637,0.0025878527,0.0139361683,0.0084760925
0.010451006,-0.007164368,0.0049424396,-0.00178973,-0.004966951,0.0172910605,0.0093662992
0.0087251333,0.0227556773,-0.014433875,0.020283908,0.0050817819,0.0039329186,-0.001786714
0.000856907,0.0006650943,0.0074023318,0.0002509754,0.0116158409,-0.018731275,0.0115838967
0.0100758419,-0.006907108,-0.001002093,0.0049341767,0.010759933,-0.001592963,0.0092891383
0.0050136339,0.0109765444,0.0028691847,0.012313284,0.0185196881,0.0114867469,0.0025756098
-0.009545753,0.0017046878,0.0045541513,0.0106236809,0.0045050021,0.0033646197,0.0055550614
-0.008309465,0.0081524078,0.000605855,0.0010882708,0.0070994137,-0.001924116,-0.002216994
-0.02264917,-0.004348519,-0.000721777,-0.008841176,0.0172695552,-0.002279199,0.0088766559
0.01970762,0.0090858574,-0.001597389,0.0137126109,0.0163348251,-0.01584274,0.011524043
0.0084878841,0.0100061831,-0.000544897,0.0015960355,0.0059599849,-0.002071062,0.0197471412
0.0132302349,-0.00255482,-0.00134174,0.0030383151,-0.00923551,0.000250293,0.0051035215
0.0058798666,0.012201797,0.0081419634,0.0013139778,-0.01044923,-0.002868595,0.0019389545
0.0040989509,-0.003524515,-0.002814923,-0.004968516,0.005842802,0.018018466,-0.001282122
-0.003368461,-0.010663648,-0.000306904,0.0011816017,-0.013624783,-0.005143603,-0.002178735
-0.005971484,-0.001604934,0.0098439622,-0.001078085,-0.003468759,0.006224963,0.0148358985
0.0021257088,0.0024517193,0.0014844644,-0.005071604,-0.000665935,0.004983526,-0.016879805
-0.003944449,-0.013844822,0.0014538422,-0.008408755,0.0100009405,0.006941459,-0.001512702
0.0029149316,0.014090271,-0.000119649,0.0001765138,0.0033471572,0.0002770935,-0.003115327
0.0019002149,-0.026405425,-0.012923199,-0.0073487,-0.005259945,-0.005056756,0.0102646266
-0.003650487,-0.018795189,-0.006451192,-0.0094946,-0.004555435,0.0032328626,0.0038837207
-0.011399682,-0.000968481,-0.011529255,-0.007578644,-0.005601823,-0.002887918,-0.010879432
-0.002836005,0.0045349762,-0.002361473,-0.015587828,-0.019089331,-0.015679544,-0.007922742
-0.004772638,-0.009907195,-0.006611678,-0.013319154,0.0059180115,0.0004140238,0.0059002327
0.0057937336,0.0145460318,-0.003013996,0.0081900836,0.0017060112,0.0004474555,-0.000942844
-0.000929603,-0.002099158,-0.004799062,0.0079221501,0.0021809951,-0.002815975,0.0301106153
0.0077107294,0.0074173423,-0.001380391,0.0088353426,0.0029130579,0.0153746532,0.0124470382
0.0003764782,0.022232657,0.0121535735,-0.011301302,-0.008781574,0.0113633192,-0.010537754
0.0175146637,-0.004302389,-0.000196613,0.0147684274,-0.000946541,-0.001336634,0.0285329558
0.0235228367,0.007038333,-0.002792802,0.0095588808,0.0009848393,-0.000299211,0.0161633596
0.0096637301,0.0269445587,0.0139625976,-0.006095581,0.0133365624,0.0036016119,0.016114912
-0.003243726,-0.00234265,0.0010078889,0.0071624383,0.0055971336,0.0113882429,0.0014617358
-0.002168811,-0.004368328,0.0115264926,0.0118449451,0.0038450241,0.0104383745,0.0252993685
0.0180828706,0.018738693,-0.005446505,-0.002064052,0.0128509971,0.0260698999,-0.007157347
0.0026798203,0.003266884,0.0058659817,0.0103415839,-0.003028584,0.0033511712,-0.000463272
-0.006428154,-0.008635593,-0.01515185,-0.008762369,0.0094992295,0.0013152782,-0.001116708
-0.01625099,-0.00198507,0.0098103384,-0.008990208,0.0051241085,0.0124641867,0.0132592024
-0.007316465,-0.002339927,0.0154128165,0.0027607044,0.0147044959,0.0009666065,0.0049627444
-0.018295315,-0.008352058,0.0071654084,0.0015259616,-0.004472048,0.0073796185,0.0135219486
-0.008826311,-0.000274769,0.0091338785,-0.000672079,-0.023030266,-0.002873385,-0.003084092
-0.007570684,-0.012441529,-0.006107724,-0.005680325,-0.001536364,-0.008295518,-0.017055177
-0.005471866,0.011907965,0.0157196284,-0.007387854,0.0084141937,0.0151237589,0.0028985198
-0.00583978,-0.001943002,-0.002040054,0.0029899718,0.0017709745,-0.002187777,0.007585926
0.0097495377,-0.000493103,0.0022598437,0.0025073043,0.0008128437,0.0057874916,0.0099383415
0.0009826045,0.0012141794,-0.018225072,0.0077620681,0.0015081599,-0.011559455,0.0022435912
-0.012666432,0.0056954732,-0.014840213,-0.001453061,-0.014927451,-0.015703658,-0.028164068
-0.013634682,-0.004099268,-0.000544736,-0.009091945,0.0044055923,0.0042073045,-0.009079579
0.0066508769,0.0124978457,0.0116747909,0.0058289235,0.0137500898,-0.004693553,-0.001944413
-0.02225401,0.0135508415,0.0074737449,-0.004161734,-0.010253678,0.0021227279,0.012383655
0.0064347184,0.0064009317,0.0020454418,-0.004918129,0.0020228152,0.0229212348,-0.015317566
-0.002695734,0.0052067935,-0.004819278,0.0006759541,0.001731581,-0.010667704,0.0073684762
-0.002113693,-0.004146296,0.0085676241,0.0092852487,-0.003678622,-0.005180584,-0.000379249
0.0157622679,0.0014294821,0.0062410433,0.023612854,0.0112179137,-0.007373921,0.0114929822
-0.010377347,-0.010535825,-0.012915719,0.0072658307,0.0078417085,-0.004578554,-0.004645372
-0.001684028,-0.01002783,-0.00862522,-0.019524621,-0.012488327,-0.015806538,-0.011005689
-0.001501453,0.0221692339,0.0144623389,0.0234368208,0.0239579878,0.0018199689,0.0021089936
0.0039122371,0.0105897028,0.0044583327,-0.003226011,0.0035308787,-0.007715056,-0.002224898
0.005122666,0.0058204601,0.0165620889,-0.014664216,-0.001393469,0.0141040176,0.0280757559
0.0005833914,-0.014460123,0.0069010632,-0.00356551,0.0016975582,0.0028936554,0.0060503447
0.0224467898,0.0048447082,0.0113532046,0.0119050089,0.00716817,0.0061073231,0.0078200534
0.0014926556,-0.005207957,-0.000037089,-0.018221884,-0.018829552,-0.013670411,0.0034686425
0.0087747451,0.0057229386,0.0003675477,0.0082901372,0.0075397622,0.0052687095,0.003262371
0.0014248013,-0.004692534,0.0019959633,0.0054174298,-0.001870766,-0.000033015,-0.014514756
0.007883966,0.0021330195,-0.000128819,0.0035185345,0.003379948,0.008379118,0.0063015749
0.0233614139,0.0194421938,0.0040536448,0.0180390984,0.007736885,0.0207320101,0.0151425597
0.0146226271,0.0242944768,0.0242507062,0.0230599156,0.0248989665,-0.002060683,0.0246824805
0.0029922901,-0.011840602,-0.010141682,-0.012883095,0.0027783739,0.0048386979,0.0045820188
-0.005535729,-0.011027539,-0.009708809,0.0154705039,0.0018150685,0.0030426766,-0.002323267
-0.00654338,-0.001002356,0.0102393851,0.0021656139,-0.022075549,-0.007327492,0.0046318873
-0.007934064,0.004885376,-0.022979711,0.0199460199,0.0087675194,0.0188420558,-0.001490952
-0.001727002,-0.00389854,-0.01110859,-0.013183615,-0.006016975,-0.022836981,-0.015887042
-0.000379591,0.0192750194,0.0093869645,0.0092931806,-0.005811192,0.0049387982,0.0062021741
0.0011537285,0.011668312,0.0141356816,0.0149296244,-0.011751129,0.00365673,0.0037777487
0.0110103235,-0.009324997,0.0020020182,0.0081083174,-0.012281736,0.0046555141,-0.002009393
0.0018448655,-0.018364275,0.0018981256,0.0067006973,0.0047375029,-0.013065887,-0.014255675
0.0084675756,0.0174850848,0.0053915615,-0.012336031,0.005048673,0.0066221628,0.0088909319
-0.000107699,0.0144890137,0.0148122826,0.0017880466,0.0101054219,0.0146186927,0.0040145157
-0.003290385,0.0075178697,-0.008997735,-0.005665242,-0.002995425,0.0184199684,-0.000338381
-0.012147798,0.0050273247,-0.011880649,-0.005343312,-0.002278283,-0.011467965,-0.012327113
-0.01032439,0.0070445998,-0.005237933,-0.00312531,0.0028604796,0.0016936892,-0.003615107
-0.012702884,0.0028951713,0.0058322434,-0.009669203,-0.010196076,0.0004271801,0.004856713
-0.007922925,0.0050954669,0.0088141527,0.0173592081,0.0056238756,-0.003220683,0.0016863295
0.0001274324,0.00239085,-0.00355017,0.0077001576,-0.002161441,0.0021183835,-0.002965915
-0.002523681,0.0102680957,-0.003019578,0.0090377026,0.0011565168,-0.000313273,0.005733761
-0.014497164,-0.003641625,-0.007436002,0.0174769888,0.0153580488,0.0262966385,0.0030148041
0.0091759039,0.0173818182,0.0070722444,-0.006145839,0.0020649135,-0.003304381,0.0067925123
-0.002855887,0.008432939,0.0072307027,0.0056337906,0.0054264819,-0.004693452,-0.009365473
-0.001180071,0.0009066144,0.0064478105,0.0210558429,-0.011881527,-0.004514684,0.0057139531
0.0251516465,0.0206330013,0.01434711,0.0019109184,0.0210186314,0.0219144546,0.0004344149
-0.011199526,0.0051419379,-0.010610571,0.0042240137,0.0010680816,-0.008170179,-0.005057789
0.0086229863,0.0106199998,0.0101138921,0.0041914338,-0.01001518,-0.000393584,0.0027020884
0.0059182304,0.0091362836,0.0113542509,0.0036115061,-0.005896781,0.0125387171,0.0098858045
0.0016649247,0.0208831265,-0.0132357,0.0136493204,0.0042609998,-0.00151699,0.0103429697
-0.006395551,-0.009837946,-0.010663386,-0.000715112,0.0039756068,0.0192594598,0.004837776
0.0177401441,0.0007321007,0.0040791738,0.0192098179,-0.002402152,-0.004351302,-0.003236064
0.0187035953,0.0113821182,0.0116994809,0.0097887926,0.0121183161,0.0157707178,0.0034953901
0.0037931843,0.0121852795,-0.011365399,0.0090622852,0.0179200885,-0.002835662,-0.005573559
0.0213806365,0.0044289562,0.0105651,-0.001128979,0.0127165233,0.0155109094,0.0016406285
0.0226861106,0.0046411355,0.0085153903,-0.004734698,-0.000038953,-0.00767161,-0.020077376
0.0257992116,0.0068468104,0.0177046903,0.0181297046,-0.022520116,0.0006450518,-0.00715596
-0.004136934,0.005978664,0.0001159147,0.003373169,-0.013827522,-0.004374394,0.0198677623
-0.004788737,-0.009634079,-0.001114187,-0.018176955,-0.011665537,-0.00033828,-0.001981299
0.0117447378,0.0051455773,-0.01569378,0.0056232435,0.0021039136,0.0153725173,-0.011998446
0.0015747067,0.0076902686,0.0008299531,-0.006194535,-0.003267466,-0.006509617,0.0067558405
0.0137596817,0.0084971992,0.0149719273,-0.001717895,0.0049777972,-0.000260428,0.0043764768
0.0192366167,0.0182792504,0.006275123,0.015502009,0.0028760887,0.0190422272,-0.000234556
0.0032647654,-0.000408045,0.0036344794,-0.006013743,-0.009254892,0.0043594854,0.0023742361
-0.007757226,-0.010562859,-0.010992835,0.0069429616,-0.016401141,-0.016173171,-0.016613533
0.0063453575,0.0158412191,0.0129646473,-0.0112002,-0.001323295,-0.006878714,-0.001696982
0.0171944831,0.0114552384,0.0059081744,0.0084443371,0.0062894151,0.0179508966,-0.001344713
0.0134700668,-0.003158363,0.0207644148,0.0002862585,0.005520607,-0.004630416,0.0014882673
0.0096823614,0.009445622,0.0080850579,0.0083510771,0.006669934,0.0119261009,0.0245533645
0.0035641109,0.0167691444,0.0022039668,-0.011853323,0.0004719405,-0.001575955,-0.029485408
0.0005852633,-0.010075797,-0.01002346,-0.022617939,-0.009781583,0.0035454668,-0.000699733
0.0079752418,0.0086356954,0.0099481962,-0.003565525,-0.010965201,0.0030119332,-0.002605806
0.010798049,0.0208570509,0.0153250202,0.0185496221,-0.003860951,0.0143199501,-0.00310649
-0.009984502,0.0076454636,0.0001378852,0.0115889852,0.0002997407,-0.008120377,-0.012544341
0.0222239245,0.0039859955,0.0038549025,0.0170140473,0.0158508374,0.0183721081,0.0236451035
-0.015582094,-0.009271552,-0.014036724,-0.010046867,0.0076696635,0.0094179207,-0.002863334
-0.003107254,-0.002120371,0.0028401517,0.0008794296,0.0119641292,-0.003652112,0.0021256743
0.0093858708,0.0020851215,-0.005265945,-0.004601154,-0.003809146,-0.00422155,-0.011571812
0.0019873988,0.0044532093,0.0059074603,0.0103641859,0.01969102,0.015276238,0.0198678415
-0.014687854,-0.007718631,0.0032371872,0.007066958,-0.000755407,-0.003315619,-0.001569707
-0.002420902,-0.00122465,0.0029569681,0.0094381372,-0.01038397,0.0159766698,0.0062127488
0.0076269116,0.0066543974,-0.004412835,0.0147804357,0.0079887015,0.006063281,0.0074546816
0.0027954943,-0.003670402,0.002241431,0.0011524289,0.002766419,0.0069031719,-0.004083375
0.0001466168,0.0174163116,0.0097986359,0.0051929321,-0.022502678,-0.000746391,-0.000603085
0.004158027,0.0085184926,0.0104120334,0.0206371727,0.0029386602,0.0022358476,0.0132965488
-0.002161116,-0.001714083,0.0053145948,0.0087699305,0.021495229,0.0109424455,0.0231621083
0.005815051,0.0053216486,0.0056470607,0.0194063489,0.0059800778,-0.012768189,-0.012812522
0.0171151305,0.0121458493,0.0012688865,-0.011748406,0.0077591643,0.0047400297,0.0127658963
0.0002185428,-0.001920318,-0.012866021,-0.006770944,0.0260478184,0.0059378886,0.0103754716
0.0034322444,0.0014150632,0.0118914141,0.0004699839,-0.003699172,-0.001934922,0.0038389942
-8.068572E-6,0.0207437755,0.0176441796,0.0087810608,0.0065094512,0.0098403941,0.0007547348
-0.01255788,-0.005427828,-0.00086207,-0.002326699,0.0077291026,-0.001434356,-0.005820775
-0.009821929,-0.000416764,-0.005923999,0.0077285371,0.0092095896,-0.00451781,0.0015182683
-0.004237401,-0.003762439,0.005378153,0.0006098309,-0.00444347,0.0069506993,0.0019945268
0.0098176332,0.0004834489,0.0082883509,-0.004649726,0.0066508038,-0.001879038,0.008792257
-0.021345079,-0.003551483,0.0031255278,-0.000561335,-0.003816878,-0.009337955,-0.011561777
0.0061850452,0.0130355222,0.0212532897,-7.394208E-6,0.0100929021,0.009545453,0.0018234188
0.0024555957,-0.008459918,0.0079310713,0.012069843,0.0080123907,-0.000266478,0.0177728657
0.0027280507,0.011628836,-0.00062139,0.0119843762,0.0009412352,0.00055236,0.0084243399
0.0056767529,0.0200048821,0.0277078992,0.0276545539,-0.007776686,0.0099145081,-0.006545485
0.0031665645,-0.002962471,0.0006865005,-0.01132045,0.0018932872,-0.007935699,-0.003101316
0.0119802608,0.0018774111,-0.003165216,-0.000982614,0.0031376864,0.0230232546,0.0091769128
0.009259322,0.0115075978,0.0073890092,0.0066536836,0.0114822692,0.0022542942,0.0094921299
0.0173256307,0.0079679397,0.01101067,0.0167668887,0.0034672268,0.0001095574,-0.009620397
0.0238854066,-0.003558735,0.0007961349,-0.00292186,0.0140970886,0.0087032414,0.0046313406
-0.014312806,-0.00060968,-0.006949698,-0.008855093,0.000037458,0.0073965721,-0.004750716
-0.002728447,0.021127547,0.0100701797,0.0211455626,-0.00761187,0.0129428828,-0.001520896
-0.003325041,-0.001768279,-0.014077961,-0.022201442,0.0089843822,-0.002667741,-0.00690462
0.0046610107,0.0079879803,-0.000043783,-0.005864085,-0.010285879,-0.005392888,0.0058408299
0.0109590772,0.012285441,-0.00300611,-0.015013929,0.0050908783,0.0063312942,0.0069101266
-0.010940408,-0.011757657,-0.027792663,-0.012839225,-0.005472913,0.0095486496,0.0074952515
0.0007092508,0.003680713,-0.009505498,0.0116533084,0.0082567778,-0.007547874,0.0153300556
-0.000484177,0.000995465,-0.005625642,-0.014026043,0.0130943452,0.0081854256,0.0226073541
-0.002084176,-0.017513731,-0.011793228,0.0004132018,0.007105351,-0.005869228,-0.003792352
-0.013521436,0.004490466,-0.009547079,-0.00299332,-0.014241594,-0.001552455,-0.009705676
-0.001640275,-0.012517157,0.0179468682,-0.011089638,-0.001392508,-0.011021766,0.000115781
0.0010383261,0.0087194407,0.0033549678,0.0210984709,0.0089741525,0.0171077473,-0.000266422
-0.01290932,-0.008451127,0.0000919046,-0.000851024,-0.009631003,0.0082598326,-0.013398638
0.0164775384,0.0019607731,0.0020105953,0.0258105559,0.0048164663,0.0084486115,0.0104694005
-0.016068628,-0.001968959,-0.016008915,-0.005783748,-0.005765744,0.0030282183,0.0062586724
0.0033151594,-0.002689092,0.0131537313,-0.000546914,-0.014855382,-0.014888692,-0.001545438
0.0104359574,0.0169488114,0.0145316089,0.0149440991,0.0056935851,-0.009622037,0.0025893406
-0.009511143,-0.003612729,-0.002867527,0.017710203,-0.004571372,0.0099569819,0.0000670203
0.0206390576,0.0071360311,0.0137959905,-0.007674365,0.0015230257,-0.009878003,0.0055356384
-0.009087245,0.0043746447,-0.003245415,-0.020087468,0.0127139697,0.0076570901,0.0127025211
0.00669307,0.0154747462,0.0189859415,-0.001479468,0.0077733732,0.0003805448,0.0089280474
0.007204096,0.00556979,0.0014639803,0.0015774273,0.0071691478,0.0124371704,0.0112828246
0.0118123232,0.0177002518,0.0238012967,0.0163486643,0.0060631873,0.0014125521,0.008173811
-0.016862933,0.0075853905,-0.00287355,0.0030444326,0.0026178878,0.0005709531,0.0009570989
0.0069168759,0.0055373275,0.0041809174,0.0033268155,-0.012166428,0.0038160493,0.0062591415
-0.00351522,-0.005501316,0.0042761978,0.001487111,-0.008943796,0.0035971573,-0.018861201
0.0002018263,-0.013921741,-0.003659484,-0.006941492,-0.000483876,-0.004664493,-0.013472292
-0.008773638,0.0027444857,-0.003176465,0.0051969426,0.0026757044,0.0003770645,-0.008063096
0.0249071408,0.0038838054,-0.001876625,0.0210735071,0.008404743,0.0235399757,0.0315152309
-0.006312193,0.0007855139,-0.00402589,0.0035740225,0.0073526722,0.0083654188,0.0111744544
0.0080542043,-0.002932774,-0.005363395,-0.029851292,-0.003324935,0.0040438574,0.0002596413
-0.004966543,-0.002268689,0.0014300712,0.0023501059,0.0226414652,-0.002243246,0.0094628523
0.0079523751,0.0136141711,0.0130599596,0.0015781583,0.0171893301,0.0197388006,0.0066774603
-0.007266723,-0.005338313,-0.011631328,0.0067465811,0.0042840168,-0.01922725,0.0099928727
-0.003955791,0.0048582321,-0.001346008,0.0175211831,0.0142358894,-0.006415667,0.0052560356
0.0094213362,0.0127750277,0.0095953837,0.0059056752,0.0100397236,-0.005997804,0.0109872155
0.0274288898,0.0024034899,0.0163761102,-0.002908415,-0.019236626,-0.016466246,-0.011117431
0.0066355754,0.007318583,-0.00067611,0.0138594493,0.0116601921,0.0131390919,0.0118605979
-0.013177266,-0.00768629,0.0034531948,0.0175402861,0.0182493769,0.0199071646,0.0094903595
0.0082903404,-0.015399666,-0.002919915,0.0085559444,-0.003759678,0.0053740185,-0.009915988
0.005652253,0.0262834583,0.0286003579,0.00269048,0.0162915626,0.0059757263,0.0202938771
-0.011576675,0.0044653598,-0.002499247,-0.003181724,-0.000151078,0.011596882,0.0076861124
0.0043994639,0.0016253376,-0.006310312,-0.00582596,0.0016373378,0.0071746963,-0.010867427
-0.007676203,0.002331723,-0.00857856,-0.014401747,0.0041831506,0.00651496,-0.006840555
0.0207520391,-0.003133181,-0.01058494,0.0052855396,-0.01956976,0.0032132283,-0.005244732
0.0143235052,0.0021235275,0.0041014842,-0.009001628,-0.013472044,-0.003657824,-0.015678356
0.0197669816,0.0037478143,0.0025547591,-0.004245927,0.0001870476,-0.002544767,0.0136929606
-0.004430075,-0.023766214,-0.014079601,0.0088731842,0.0074183164,0.0079768525,-0.003671501
0.0003915732,-0.01142523,-0.001686374,-0.00085104,-0.001097937,-0.00434588,0.0012086258
-0.015517132,-0.027120446,-0.002311617,0.0054839815,-0.005381854,-0.030017478,-0.014840804
0.0224026593,0.0013407697,0.0160959802,0.0170509957,0.0058023198,0.0136434312,0.0203314235
0.0002509402,-0.001760333,-0.003715258,0.0013893977,0.0084367594,0.0097694378,0.0005199741
0.0072630637,0.0101223534,0.0007512388,-0.013054373,-0.000912942,-0.017232288,-0.003783253
0.0057246301,-0.002882063,-0.00191625,-0.01314608,-0.005085312,0.0044832657,0.004159113
-0.000398226,6.920607E-6,0.0147002879,0.018761913,0.0000280909,-0.009180746,-0.002335228
0.0216274487,0.0119877695,0.0116297303,-0.011027742,0.0036897407,0.0051150629,-0.010604018
0.0011704633,-0.004438126,-0.000552202,0.0082347921,-0.001309088,0.0085467443,-0.002960645
0.014201229,0.0031103608,0.0063946764,0.003694986,0.0185159487,-0.006169326,0.0163570476
0.012760368,0.0095561978,-0.001495591,0.0279060702,0.0092074432,0.0069043655,0.0032447607
0.0014957921,0.0061102243,-0.003798595,-0.003439445,0.0072954618,-0.011842729,0.0031900796
0.0019848303,0.0144086165,0.013767332,0.013121376,-0.004204863,-0.004213655,-0.013779464
-0.002865663,0.0060041836,-0.008077159,-0.013033382,0.0116018812,0.0007957438,0.0079144933
0.0002324022,-0.012566988,-0.013179276,0.0003473573,0.0025325012,-0.024411888,-0.017758792
-0.018270748,-0.004006669,-0.000852473,0.0059327958,-0.003273286,0.0058918941,-0.030576136
0.0003916784,0.0081229271,0.02051226,-0.000422164,0.0328659657,0.0239602335,0.0200042326
0.0021207543,-0.00560109,-0.001789552,0.007626732,-0.002459897,-0.003342817,0.0007763167
0.002852018,-0.009419071,-0.001412969,-0.00853192,0.0023567993,-0.000756197,0.001972407
-0.008474756,0.0028877057,-0.004247988,-0.002767358,-0.017180167,0.0159055001,0.0054969921
0.010997569,0.0013826173,0.0094379668,-0.002991719,0.0051539914,-0.011721873,-0.001914713
-0.007898076,-0.00716901,-0.010665476,0.0006045022,0.0072327949,-0.014318851,-0.02023155
-0.003675755,-0.009359564,-0.02001297,-0.009006431,-0.001967098,-0.012903834,0.0011410801
-0.021122455,-0.021120925,-0.006831443,0.0095624936,-0.004895741,-0.00937118,-0.008152655
0.0073553185,0.0066142797,0.0048252484,-0.021845771,-0.001749082,-0.004993301,0.0050728469
0.0204677139,0.0095178583,0.0103514814,-0.003805338,0.0095233466,-0.007372933,0.0008848511
0.0022034028,0.0145123928,0.0028866724,0.0113664478,0.0032988983,0.0038750132,0.0020111443
0.0040523725,0.0104469328,-0.000016922,0.0075734339,0.0054943779,-0.001389122,-0.000300943
0.0107983058,-0.005239391,0.0032971113,-0.007764982,0.0002934708,0.0077136993,-0.018164881
-0.012789112,-0.002641037,0.0119512935,0.0038877152,-0.002736414,0.0145081473,-0.000067209
-0.023103735,-0.006856882,-0.013680424,0.0045780038,0.0180800076,0.0061125482,-0.012103859
0.0089705184,0.0165432064,-0.004233411,0.0153827074,0.0034039824,0.0159426331,0.0052185024
-0.003187629,0.0145627422,0.0092421511,0.0090383336,0.01329255,0.0068965744,0.0086104116
0.0117966116,0.0151855419,0.0161726156,-0.015697848,-0.002569658,-0.003147166,0.0026546383
0.0062391015,0.0045704777,-0.010763476,-0.002903082,-0.012413825,0.0105150883,0.0011599125
-0.004965495,0.0032880816,0.0054871284,-0.00404394,-0.002456343,0.0046981234,0.0026832321
0.0145593761,0.0076367604,0.0041476468,0.0056511199,0.0106871458,0.0134850625,-0.006156699
0.0134113052,0.0003836252,0.008059608,0.0040795309,0.0040599084,0.023225169,0.0110324191
0.0120311323,0.0095554706,0.0017964617,0.0113119519,0.0071042221,-0.001997751,0.0061453524
0.000397303,-0.029007095,-0.010023429,0.0031838868,-0.003550711,-0.009562991,-0.003992387
-0.00145915,0.0226381042,0.0148896722,0.0129630578,-0.000194895,0.019671557,0.011536568
-0.011438522,-0.009773003,-0.006660744,-0.01354892,-0.011429245,-0.007202508,-0.002112091
0.0067093705,0.0085818465,0.0096091345,0.0143927793,-0.015018295,-0.002007726,-0.013386423
0.0115673027,-0.006831151,0.00347922,0.0191312129,0.0024875494,0.0214033586,0.0119426604
0.0006877256,0.0060543843,-0.004362291,0.0178868599,-0.004088637,0.0183283254,0.0100017965
-0.010821689,-0.005804505,-0.002694071,-0.007903394,-0.000487084,0.0082589533,0.0084990997
0.0078493597,0.0041270088,0.0048847143,0.0122169416,0.000890983,0.0006527546,-0.007999635
-0.002792743,-0.001102038,0.0115402586,0.0123743328,0.0039240747,0.0034721793,-0.001356766
-0.002619124,-0.002432366,-0.003107521,-0.004620201,0.0014763885,-0.001757049,0.0151299197
0.0020026791,-0.007084898,-0.007897986,-0.001045228,0.0056894949,-0.008257586,0.0031733275
-0.002047197,-0.003736562,-0.002119929,0.0015902181,0.0001751568,-0.005016778,0.005148847
-0.006060133,-0.000814638,-0.010159325,-0.005716614,-0.012559292,0.0030061944,-0.016071591
-0.001437695,-0.005946301,-0.001486925,0.0044431459,0.0045031331,-0.010635523,0.0034949319
0.0086537413,0.0274577748,0.0100390571,-0.007345639,0.0226148994,0.000713583,0.0006026818
-0.000182679,0.0126317131,-0.003808726,0.0049705921,0.0030268696,0.0026427322,0.0035705959
0.0127683425,0.0089330651,-0.001377076,0.0015468876,-0.011674024,-0.002482524,-0.000073165
-0.001543372,-0.008165764,0.0029082226,0.0089052307,-0.004128931,-0.003954162,0.0025899104
0.0005283663,0.003678251,-0.007683098,-0.009264962,-0.007651301,-0.005420408,-0.006044956
0.0059376857,0.0249981268,0.0211857197,-0.014103737,0.0107727464,0.0071555872,-0.004328714
0.0019688019,0.0048556583,0.005964904,0.0256770657,-0.008644467,-0.007019815,0.001401734
0.0029453397,-0.006258609,-0.004628057,0.0101900787,0.0226032108,0.0056430203,-0.001752063
0.0031207811,-0.000667997,0.0018912539,-0.006556445,0.0191876468,0.0060860585,0.0157512969
0.0015821857,-0.008709612,-0.016554445,0.003904343,0.016550737,-0.000687164,0.0009009836
0.0068554751,0.0141089486,0.0136956488,0.000574064,0.0024131779,-0.004116731,-0.001794454
0.0089565335,0.0055740196,-0.011207553,0.0039669472,0.0108410471,0.0009940957,0.0073232658
0.0040409435,0.00027331,-0.006053764,-0.004971216,-0.006450787,-0.003436416,-0.002664921
-0.006103023,0.0170999688,0.0172864639,0.0070777354,0.0014418093,0.0071540638,0.0001962093
-0.00812614,-0.016461044,0.0009445661,-0.010558331,0.0096491671,-0.002133482,0.0010419982
-0.000962625,-0.017742598,-0.004624148,-0.020688747,0.0015052324,0.0055928698,-0.001850922
-0.003107972,0.0050760464,0.0103999528,-0.015480111,0.0091143322,0.0076615166,0.0032269932
-0.012485711,0.0133830645,0.0037773898,0.0045915479,0.0046994237,0.0162446854,0.0072912428
0.0025825236,0.0099928685,0.0095180019,0.0152755962,0.0035544694,0.0129613021,0.0115436807
0.0078674104,0.0071798951,-0.006130828,0.003987645,0.004329424,0.0116482314,0.0156175728
-0.001254474,0.0121951551,0.0116816047,-0.005069367,0.0110823159,0.0058237549,0.0026414538
0.0091998025,0.0102557997,0.0140319134,-0.000122153,0.0071258483,0.0097601226,-0.005268813
0.0074063984,-0.009361426,0.0026902272,0.0120036042,-0.000134282,-0.008162308,0.0106068906
0.0043448507,-0.002851232,0.0082629719,-0.009700127,0.0111157155,0.0073851051,0.0037864276
0.0235805412,0.0068211673,0.0081344158,0.0092216235,0.0230034933,0.0048767252,0.0036531355
-0.00884032,-0.006281362,-0.013836233,-0.003169674,-0.003392376,-0.00613773,0.0073131894
0.0156436388,0.0091803405,0.0112421352,-0.009870119,-0.004610376,0.0086785605,0.0138058383
0.0020604608,0.0126820312,-0.002561448,0.0083579825,-0.003759762,0.0115483976,0.0046509223
0.014852784,-0.007526912,0.0126438362,-0.01157477,-0.002385727,0.0011305389,-0.001452626
-0.013692251,-0.00837428,-0.00284316,0.0104614221,0.0183311328,0.0112347947,0.0114330961
-0.018190734,0.0049055986,-0.004631387,-0.004144359,-0.000648878,-0.002392209,-0.007162091
-0.006034421,0.007452926,0.0193125588,0.0123077606,0.0102283813,0.0037824295,0.0049350765
0.0011461692,0.0197329413,0.0077725007,-0.009359265,0.0037398501,0.0054400858,-0.000912462
-0.001126382,-0.003476295,-0.000689501,0.0157845735,0.001444842,-0.013201927,-0.007054941
0.0026878097,-0.020241867,-0.006126299,-0.009745669,0.0051364538,0.0027553361,-0.000534497
0.0045343054,-0.004437442,-0.012446061,-0.010534114,-0.000262429,-0.011364891,-0.010937601
0.0041262413,0.0168987223,-0.000772457,0.0028768572,0.0048778036,0.0206190865,0.007833722
0.0004208028,0.0048470878,0.0130624948,0.0045336784,0.008113729,0.0020685407,0.0172345894
-0.002754094,0.0063797696,0.0024216461,-0.000699384,0.0057243699,-0.006695519,0.0065374933
0.0036081454,-0.005086106,-0.017188708,0.0179626179,-0.008749462,-0.005176683,-0.002023762
0.0017424283,0.0042157629,0.003861741,0.0133429669,0.0300548744,0.0030076469,0.0196022391
-0.001628226,-0.010565709,0.0015064131,-0.002843558,-0.007232004,0.0028440348,-0.011797723
-0.005794835,-0.012098532,-0.010273343,-0.010591442,-0.030758716,-0.013198186,-0.006359561
0.0048893064,-0.010716307,-0.008234495,-0.002703207,0.0073770349,0.0067989985,-0.004281367
0.0017406016,-0.001453292,0.0007322223,0.0051837136,0.0232815623,0.0029377756,-0.000459463
0.0068585175,-0.012663886,0.0071251398,0.0020743709,0.0150954062,-0.002108473,0.0195906807
0.0031806367,-0.01105593,-0.010019379,0.0087015041,0.0042903815,-0.012339239,-0.015696775
-0.005201852,-0.018244311,0.000480449,0.0054852928,0.0028984371,-0.00087041,0.0126332232
0.0100939526,-0.009478041,0.0125499873,-0.005957833,0.0015390064,-0.011470004,-0.01538551
-0.005664688,0.0096433058,0.0078050633,0.016450966,0.0029814933,0.0022242478,-0.001659585
-0.020339589,-0.011946683,-0.004858693,-0.007151089,0.0124667871,-0.012630911,-0.000243214
0.0058569922,0.0072589737,0.0048212686,0.0176566366,-0.010029723,-0.004681474,0.0084591499
0.0003004112,-0.014495068,-0.000262628,-0.005472977,-0.007830851,-0.011161434,-0.001965853
0.0048438182,0.004646187,0.0148507802,-0.00720288,-0.022439061,0.0001110201,0.0039812432
-0.0021978,-0.005500889,-0.001890264,0.0193068777,0.0049612633,0.0159147609,0.0086225192
-0.002181289,0.000662697,0.0019907852,-0.001465613,-0.008777751,0.0001491813,0.007629731
0.0145981107,0.0171087697,0.0082244115,-0.008090521,0.0016616627,0.0013503326,0.0072696099
-0.010352662,0.001520247,0.0034646833,0.0048581765,-0.020634924,0.0002202557,-0.009097156
-0.005445039,0.0066644831,0.0114177932,0.0052251703,0.0029096364,0.0024242626,0.0009422843
-0.004082267,0.0038577056,0.0037032676,-0.001942139,0.0000870295,-0.006001859,0.0050631673
-0.005475378,-0.001496688,-0.010971666,0.0049814869,-0.005187044,-0.005183213,-0.00830956
-0.001397885,-0.002282069,-0.004716955,0.0102828495,0.0087931948,-0.013722353,0.0064607555
0.0089953461,0.0050097725,0.0065247195,-0.001293892,0.0059831818,-0.013362454,-0.002298648
-0.001390486,0.0050037572,0.0088494952,0.0102254621,0.0084824595,-0.001783759,-0.02297378
0.0083236417,-0.001981807,0.0100294281,0.0125885957,-5.683204E-6,-0.002335261,0.0083148889
-0.002877648,0.0001562422,-0.011129796,-0.014708091,0.0112464607,-0.001920233,-0.004454832
-0.011606145,-0.001250658,0.0051653019,0.014286228,-0.000040476,-0.003996174,-0.005699891
0.0150502551,0.019611099,0.0119137594,0.0054282998,0.0209071249,-0.002451118,0.0010594325
-0.009421513,-0.01244663,-0.004586661,-0.002155645,-0.00521734,0.0035121531,-0.00156749
-0.001817789,0.0005217711,-0.006032383,0.0028008216,-0.004379927,-0.000159817,0.0048603033
-0.004505522,-0.000577237,0.0075100742,0.00170239,-0.001500505,0.0039228686,0.000953836
-0.007192776,-0.009155422,-0.008926151,0.0001082244,-0.009455222,-0.005632726,-0.012793248
0.0120320179,0.0092579199,0.0100326052,0.0324519815,0.0092752288,-0.002650508,0.0056806169
-0.003517463,0.0115673328,-0.003585817,0.0016877858,-0.003342172,-0.007278297,0.0058485485
0.0072452586,0.0103960721,-0.00019399,-0.002039772,2.3877915E-7,0.020518583,-0.006135983
0.0135607207,0.0045313229,0.0156482708,0.0100899736,-0.011322052,0.0047187742,-0.020601725
-0.009615064,-0.008585696,0.0022564446,-0.007339343,-0.008831746,-0.006946062,-0.016246406
-0.010855612,0.00586917,-0.000164432,-0.007644144,-0.006011078,-0.000807156,-0.003795205
0.0073204083,0.0226618637,0.0147120237,0.0024850978,-0.011846698,0.003017675,0.0024084344
-0.008768028,0.0148450441,0.0120453159,-0.010710477,0.0042176684,-0.004238767,0.0064285446
-0.000612084,-0.005488396,-0.005929134,-0.004892221,-0.002475534,-0.001743874,-0.007345025
0.0087007675,0.019670662,0.0051131747,0.0049803101,-0.001289625,0.0000278203,0.0133778412
0.0076970124,0.0110474283,0.0039927283,0.0068115033,0.0030701471,-0.004444917,0.0093644903
-0.000647633,0.0194299026,0.0004323444,-0.003223969,0.0150671204,0.017284035,0.0091087588
0.0006935294,-0.000417298,0.0039075125,0.0047484109,-0.009716504,-0.004872788,0.0027863497
-0.006045406,-0.004842461,0.0001156874,-0.001349641,0.0016044627,0.0009958586,-0.0115732
0.0133512837,-0.012832029,0.0033282973,-0.001514086,0.0077811074,-0.002228986,0.0142971865
-0.016755751,0.0059358804,0.0060373007,-0.008481383,-0.005884165,-0.008415725,0.0039202604
-0.003279235,-0.00173338,0.0093403248,-0.010026984,-0.00250424,-0.010415755,-0.008976973
0.0121893566,-0.000149171,0.0080396486,0.0075250279,-0.003075242,0.0081980411,0.0181202142
-0.002506661,0.0007745314,0.0055852507,0.0077532135,0.003453489,0.0047719174,0.0151265941
0.0054540417,0.0132031411,-0.001808077,0.0008095105,-0.014451785,0.0090118953,0.0018659315
-0.019069548,0.0043120281,0.0047837539,-0.014666963,-0.019712664,-0.006016854,-0.012297783
0.0134645824,0.0042367098,0.0060209878,-0.008354029,0.0210304374,0.0058109898,0.0030142388
0.0031814513,-0.000714984,0.0005926347,0.0137035485,0.0092426959,0.0134895905,0.0099854729
0.0121902646,0.0137862159,0.0127998878,0.0118182622,-0.000293534,0.0024910513,0.0067643119
-0.008904475,-0.009828819,-0.002106342,-0.003835941,-0.001251969,0.0029030993,-0.007474558
0.0046871434,-0.000187613,-0.019328335,-0.011961706,-0.007080165,-0.002752708,-0.004689906
-0.012496856,0.0062794322,0.0031793371,0.0026475303,0.0000951669,0.0163762301,-0.001130516
0.003630327,0.0002116421,-0.001694791,-0.001705484,-0.01751171,-0.011827364,-0.016488964
-0.004772928,-0.011408829,-0.005899939,0.0030089825,0.0036174977,0.0010725871,0.0162456849
-0.004484762,-0.020055061,-0.024652863,-0.00277158,-0.004500917,0.0119727346,0.0004954815
-0.007349591,-0.010899742,-0.000123504,-0.013839128,0.0008595683,-0.001191857,0.0015552756
-0.004074939,-0.015426695,-0.014021347,-0.01071489,0.0016439942,0.0116009871,0.0044410242
0.0132213506,0.0042934445,0.0071811875,-0.002206089,-0.007954227,-0.004286594,-0.011336011
-0.009250425,0.0019875363,0.0108657483,0.0028048553,-0.010903609,-0.004875694,-0.016617964
-0.007922281,-0.003365639,-0.002763357,0.0011424319,0.0115458843,0.0135086883,0.0179032293
-0.001488567,-0.016025478,0.0058510032,0.0143080188,-0.000479194,-0.002059711,0.0074385529
-0.001011201,-0.000763055,0.0019243874,-0.004826353,0.001359412,-0.013444866,-0.007235657
-0.005060298,-0.00917849,-0.006337806,0.002857162,0.0075872869,0.0027797792,-0.002631345
-0.008218917,-0.0071517,0.0031365972,-0.003406057,-0.009836076,-0.00710767,-0.023986145
-0.001670492,0.0134585417,0.0128220672,0.0086485716,-0.000804173,0.0137128382,0.0019444032
0.020128721,0.0188732439,0.0236532716,-0.005023785,0.0127088866,-0.002437665,-0.003594377
0.0036008657,0.004239385,0.0144140913,-0.018471848,0.0060576182,0.0038312239,0.0004989871
0.0027080791,-0.015558459,-0.011856151,0.0038783906,-0.004209031,0.0024759904,-0.01665915
-0.008982255,-0.004266535,0.0127546589,0.0139205369,0.0055522763,0.0088032813,0.0101474628
0.0128758615,-0.01129859,0.0004752711,0.0051342028,0.0114845373,0.0162802305,0.0242892004
0.0081041253,-0.011787745,-0.009367628,0.0026504595,0.0016161997,0.0119330344,-0.007732882
-0.013670221,-0.006070024,0.0038477413,0.0010638452,-0.000163601,-0.011470022,0.0112760495
-0.000916727,-0.010124847,-0.004982731,-0.009777516,-0.001442629,0.0203394067,-0.001743659
0.0043415899,-0.014624407,-0.003350681,-0.002056307,0.0100292899,-0.00432895,0.0071159683
-0.003233518,0.007738816,0.0160924736,-0.006788865,0.0141683751,0.012088944,-0.005960097
-0.017331796,-0.006149505,-0.007231177,0.0121155271,0.0082562517,0.0204168011,0.0185157376
-0.001540895,0.0156074953,0.0073964958,0.0021141973,-0.00265272,0.0055319896,0.0098118177
-0.010759119,-0.002449483,-0.00826306,-0.004016804,0.0071675491,-0.002196009,0.0035266874
-0.005196503,-0.006484646,0.0104750005,0.0124482286,-0.004742227,0.0013284335,0.002930667
0.0086217521,0.0093269257,0.0097477657,0.0090488815,0.0013663155,0.0015793448,0.0153150974
0.0038139838,0.0065381334,0.0130461666,0.0125157677,-0.000995653,0.0049214271,-0.006441771
-0.00889537,0.0099771053,-0.001538844,-0.007065508,0.0182222897,-0.007346867,0.0024489031
-0.01186296,-0.005921436,0.0022635798,0.0008874645,0.0001230317,0.0180009621,0.0094273526
0.0152713317,0.0039067971,0.0084600304,0.0066626683,0.0111254307,0.0043792395,-0.004644974
-0.006776109,-0.000300548,-0.008831979,-0.002391917,-0.001017588,-0.002410718,-0.000246916
-0.004936114,0.0033181957,-0.00548683,0.0103901601,-0.001430436,-0.001134183,0.0192003188
-0.005962798,-0.008662133,-0.011707711,-0.002508204,0.0018622543,-0.006493549,-0.002382877
-0.004527113,0.006196392,0.0041271104,0.0193898743,0.0085833217,0.0086803012,0.0088475577
-0.005170469,0.0099906677,0.0048729859,0.0101655435,-0.010707842,-0.005842885,0.0035791873
0.0065694454,0.000845909,0.0011256309,0.0045297735,0.0168122536,-0.007526282,0.0170969237
-0.010299231,0.0084522308,-0.008485722,0.0097425126,0.0101280592,0.0062775116,0.0045529383
0.0034207316,0.0056657875,0.0125514002,-0.001150652,0.0059125963,0.0052208533,-0.008256958
0.0070423915,-0.002452882,0.0048928776,0.0053546347,0.0000912975,0.0103545726,0.0065131693
0.013439254,-0.009206296,-0.004668944,-0.000555241,-0.001272494,-0.012567481,-0.010683996
0.0049458786,0.0122729306,-0.001962644,0.0098854725,-0.010291624,0.0030914755,0.0044957602
0.0076355265,-0.006686197,0.000288959,0.0090950587,0.0010649715,0.0190269812,0.0193409061
0.0005169855,0.0064809705,-0.01595775,-0.005331832,-0.024034519,0.0145008367,-0.003617856
0.016260089,-0.003063259,0.0233333003,-0.007917532,-0.011482324,0.0024251534,-0.006688175
0.0066937387,0.0130504469,0.0061132798,-0.001265095,0.0081402956,0.0158408998,0.0045342307
-0.00609807,0.0102170022,0.0082403375,0.0017390878,-0.010813543,0.0101326725,0.0067155422
0.0072932494,0.0197273628,0.0023311364,-0.003672424,0.0012293455,-0.003378983,-0.003717499
0.0069343844,0.0087311168,-0.004819346,0.0070373657,-0.002252806,0.0119781351,0.025317896
-0.007084004,0.0096767968,0.0051255143,0.0019526959,0.0019885843,0.0081617048,0.0001409846
0.0028627509,0.005603583,0.0053355613,0.0155903095,-0.004184622,0.0154037578,-0.012286823
0.0084130003,-0.004393879,0.0055546425,0.0002978172,-0.013113744,0.0030555352,-0.009541725
0.0175110847,0.0060924683,0.0181390645,0.014573579,0.0007004125,-0.006196642,0.0031742868
0.0161423123,0.0078795794,0.0069520104,0.0033574427,-0.008614337,-0.000153542,0.0058256211
0.0001254085,-0.006665673,0.0032684881,0.0150547613,0.0041672782,0.011627025,0.005178147
-0.001584495,-0.006510413,0.0046226042,0.0125338774,0.008596161,0.0048075429,-0.003581907
0.0064751624,-0.004609279,-0.0043508,-0.000903643,0.0115383784,0.0155929745,0.0111098013
0.0022127247,0.0015457958,-0.008099593,0.005175363,0.0076323145,0.0159207998,-0.005166933
0.0028837091,0.0076506459,0.0037501693,0.0165359942,0.0216290634,0.012984983,0.0111787903
0.0150647748,0.0119338735,-0.002067293,-0.000209999,0.0010081145,0.0010530869,0.022749376
-0.022120775,-0.00497735,0.0123851022,-0.004744542,0.00830133,0.0088704035,0.0061838318
0.0072946446,-0.006427579,-0.010491571,0.0005479845,0.0095242611,-0.017348339,0.0213258106
-0.017439147,-0.011640016,-0.009712367,0.0090072577,-0.001542323,0.0003410922,-0.014527132
0.0173239878,0.0073822642,0.0048829417,-0.003129973,-0.009253238,0.0137934749,-0.007431285
-0.010377674,-0.002953127,-0.00917136,-0.009037149,-0.004291469,-0.003328014,0.0174472896
0.0065289605,0.0043128559,0.0024450454,-0.00097391,0.0004307651,-0.00349844,0.0246509218
0.025755212,0.0086790701,0.0081110586,0.0028305169,0.0001183855,-0.004001469,0.0074933972
-0.006526446,-0.017427055,0.0014676701,0.013908973,-0.004061601,-0.015272407,-0.00479177
0.0027569018,-0.012510015,0.0026356161,0.01705892,-0.000078214,-0.006371353,0.004133458
-0.001761765,-0.010115383,-0.010228552,0.0131600126,0.0046132326,-0.01093829,0.0034103538
-0.003635488,0.0142235724,0.0245826026,0.004667366,0.0075344692,-0.001277133,-0.006784085
0.0023720117,0.013656481,0.0159615813,-0.005040411,-0.00533607,0.0069363559,0.0126808089
-0.00082883,-0.002447283,0.0075234574,0.002224897,0.0000658089,-0.007558916,0.0098290016
0.0119447676,0.0213317637,-0.008052438,0.0073805337,-0.004682074,0.0054089118,0.0160167523
-0.00474337,0.0076083879,0.0096417438,-0.003355859,-0.00335506,0.0170178307,0.0011220137
-0.008661164,-0.027738312,-0.020995455,0.0070685794,0.004892463,0.0094680908,-0.014704658
-0.005288999,-0.007651823,-0.012525801,-0.003526402,0.0085986504,0.0102795105,0.0093307171
0.0179030486,-0.000213601,-0.006056745,0.0048591609,0.015452625,0.0184101508,0.0084861529
0.0022367034,0.0078047923,0.002720195,0.0075192775,-0.001016577,0.0069317821,0.0098983543
-0.009693314,-0.009684224,-0.007005866,0.0080332826,0.015097387,0.0085442338,0.0258470396
-0.002518494,-0.007331488,0.0105755718,-0.013299118,0.0081174992,0.0002859117,-0.000411976
-0.005966128,0.0026785587,0.010356603,-0.002579632,-0.018109917,-0.011932421,-0.003622823
-0.018048782,-0.002472623,-0.00021641,-0.0083554,0.0001910376,-0.001108864,-0.002276131
-0.000011899,0.007783546,-0.003402223,0.0018214095,0.0108295445,0.0105384469,0.000247173
0.0010812808,0.0078477336,0.0014706271,-0.008862008,-0.007810478,0.0162896385,-0.001849901
-0.001032292,-0.016878514,0.0083015295,0.0076312044,0.0049772179,-0.002556489,0.0005627438
-0.007595662,-0.007947739,0.0015823127,-0.006061042,0.0008927343,0.0100933513,0.0115907173
-0.004649315,-0.018868522,0.0094015502,-0.001290064,0.007110151,-0.004931314,0.0021643358
-0.003997834,0.0141910414,0.0014114352,0.0190423243,0.0057389075,0.0064320392,0.0211470863
-0.006899006,0.0045513999,-0.003881265,-0.013715346,-0.002923939,-0.003174656,-0.00720971
0.0144561476,0.0144082625,0.0132297911,-0.01055516,0.0128228352,0.0109425984,-0.00021432
0.0008597533,-0.011603612,-0.007844367,-0.000321385,-0.014083786,0.009797563,-0.001999851
0.0055527586,-0.007469646,-0.000102688,0.0020638558,-0.004128113,0.0072747185,0.0041662135
-0.004643859,0.0023792771,-0.006666087,-0.0030596,-0.005221918,-0.001946174,0.0026957655
-0.00571964,0.0089707562,0.0041399594,0.0367471013,0.02118333,0.0084801171,0.0143196299
0.0119226864,0.0077113988,0.007083511,0.0013467744,0.0054652648,0.0035553867,-0.005843794
0.0150775253,0.020578034,0.0169398283,0.001202831,0.0255350002,0.0183434343,0.0040173047
0.007965312,0.0061817902,0.008483035,0.0158815168,-0.001712371,-0.022916816,-0.010178334
-0.000824286,-0.000617923,0.0113678597,-0.001073544,0.0034058938,0.0002830932,0.0147388956
-0.000657147,-0.004129261,0.0029494446,-0.009219819,-0.00347195,0.01616832,-0.011616367
0.0053074809,0.0083398945,0.0146088082,0.0110707168,0.0032699468,0.0051656675,0.0036015704
0.0131013207,0.0071571625,0.0179400326,0.0123718673,0.0068099943,0.0208505501,0.009334923
0.0009720602,0.0003754918,0.007118162,0.0002448182,0.0151055508,-0.000340731,0.0032798608
-0.000431922,-0.012721262,0.0051691724,0.0063802436,-0.006769672,-0.007817469,-0.015370689
0.0244087097,0.010720706,0.0148309692,0.0142469285,0.0158201624,-0.009026676,0.0034153863
0.0071226376,-0.001261847,0.0098354448,-0.003207817,-0.006990886,0.0004521531,-0.009973813
-0.003210746,-0.011875172,-0.014345452,0.0199595851,-0.006313503,-0.012919292,-0.01168251
0.0097245672,-0.003602885,0.0036463873,-0.007347258,-0.019900841,-0.007530778,-0.005904115
0.0126795491,-0.001180145,-0.003613825,-0.001608689,0.0004570905,-0.006486165,-0.015475813
-0.000637656,0.0152999216,0.0021892835,0.0011256507,0.0053881742,-0.004262498,-0.001090623
-0.014152493,-0.015751034,0.0008307235,0.0101637765,-0.004205278,-0.000263944,-0.001790709
0.0008516657,0.0162266457,0.0178454772,0.0052753309,0.0028104635,0.0116022543,0.003894327
0.020928808,0.0232381372,0.0245944684,0.00321257,0.0190390628,0.00068822,0.0078641397
-0.005512137,0.005205146,0.0031925885,0.0184668655,0.0151011618,0.0132960199,0.0006087989
0.0279115612,0.0066075641,0.0102723487,-0.003079204,0.0040043396,0.002681972,-0.003184129
0.002168478,0.0038126006,0.0183619012,0.0164959163,0.0122834357,0.0245364455,0.008932945
0.0014392296,-0.005512204,0.0033313294,0.0160211922,-0.000116092,0.0073097392,0.0145080099
-0.01184519,-0.003118255,-0.004540612,0.0080055681,0.0024940816,-0.006984433,-0.001991064
-0.01314307,-0.007769572,-0.003321331,-0.00219348,-0.000797881,0.000127927,-0.004758882
-0.008766783,0.0105787723,-0.010888668,-0.002514575,-0.008235564,0.0071350685,0.0052805316
0.0043847553,0.0098725262,0.004442877,0.0081270103,0.0187337498,0.0106237987,0.0231822656
-0.011092704,0.0101418773,0.0107966128,0.000223177,-0.0053212,0.0004573416,-0.011031792
0.0021370218,-0.00854159,0.0025168876,0.001870711,0.0083163724,0.0115055641,-0.010310486
0.0116874437,0.0218070253,0.0102163344,0.0007793743,0.0181778518,0.0093415059,0.0141729729
-0.003839935,-0.001221643,0.00357187,-0.005300602,0.0118236684,0.0061006257,0.002467141
-0.003766223,0.00224289,-0.007473252,0.0119165268,0.002986285,0.0077099323,0.011204992
0.018314732,0.0109525785,0.028820884,0.0078254894,0.0079168967,0.0068816974,0.002806998
-0.001244825,-0.002228728,0.0080736841,0.0038808221,0.0151403067,0.0035541672,-0.004512478
-0.004092909,0.0081823255,0.0012948446,0.0134788781,0.0089740599,0.0223175236,0.0049994204
0.0093435023,-0.000705293,-0.000773043,-0.005611207,0.0044405514,-0.022661543,0.0014590159
0.0111975876,-0.00345636,0.0020722092,0.0144944275,0.0052918203,-0.014112266,-0.00654899
-0.004010776,-0.020477587,-0.008734676,0.0041616692,0.0128243106,0.0009173773,0.0059008591
-0.003842572,0.0061628662,0.0088746908,0.0044196407,0.0042418651,0.0135844648,0.0026436144
-0.007515301,-0.016863825,-0.009295428,0.0139509235,0.0041247127,0.0072404667,-0.005013486
-0.006503396,-0.00746391,-0.003632639,-0.023687969,0.002125999,-0.001094026,-0.002823392
-0.006189516,-0.015263426,-0.006901716,-0.015060493,0.0078639583,0.0114262309,-0.0045793
0.0113452478,0.0065866463,0.0296234803,-0.001731007,0.0150002359,0.0206162563,0.0103575605
0.0086533456,-0.008513951,0.0052815872,0.0243693722,0.0115189092,-0.000684837,-0.006111246
-0.004362656,0.0013259519,-0.011797412,-0.001855933,0.0130972141,0.0021415625,0.0079555375
-0.003168432,0.0186355612,0.0225251851,0.0159335331,0.0025438793,0.0103939723,0.0011406647
-0.000535964,0.0064564768,-0.002739407,-0.000240725,0.0027643435,0.0221743043,-0.003101313
0.0074277956,0.0013914775,-0.00211667,0.0057053577,-0.009040941,0.0053424865,-0.008622941
0.0013293766,-0.017039015,-0.005868184,0.0072874601,0.0002152952,-0.004035954,0.0046070475
0.0048841614,0.0099052188,0.0003020672,0.0082044519,0.0042661707,-0.00054338,0.000197143
0.0103636503,0.0048410554,0.0022497496,-0.019030153,-0.004865498,-0.00631036,-0.013188696
-0.012069368,-0.009450179,0.0055742064,-0.003048381,-0.010425179,-0.003814534,-0.005495745
-0.010356626,-0.003983818,0.0008077153,0.0084071016,0.0058701992,0.0034773523,0.0077481795
-0.016824762,-0.002794628,-0.002448478,0.0104422756,-0.006938641,-0.000868324,0.006964122
0.003216676,0.0145794548,0.0058031621,0.002026092,-0.000511962,0.0078779419,0.0070280117
0.0018587171,-0.002189854,-0.019632884,0.0110550288,0.0061958183,0.0047084975,-0.006754897
0.0224746521,0.0076106605,0.0092817288,0.0062850856,0.0087657565,0.0085438762,0.0036722598
-0.005977402,-0.010657087,-0.004466247,0.006410738,-0.015945655,-0.006181553,0.0010940564
0.0168960385,0.0280587675,0.02522716,-0.01312402,-0.000622576,-0.0036459,0.0073625974
0.0072414752,-0.001143126,0.0024660069,0.0255222435,0.010883123,0.0104059255,0.0030345515
0.0272939254,-0.0095094,0.0119328902,0.0083902017,0.0212792322,-0.006096242,-0.004368265
0.0363046148,0.0140084864,0.010123368,0.0102831105,0.0128946139,0.0010617412,0.0070485687
0.0114456184,-0.004207645,-0.004069907,0.0097690574,0.0173539729,-0.01334438,0.0150875429
-0.011882092,0.0088148499,0.0024042808,0.0015026028,0.0151350432,0.0079000386,-0.002674996
-0.004561006,-0.001570428,0.0101770599,-0.011035589,-0.002810295,0.0068267481,-0.01834485
0.0045564649,-0.001319364,-0.006814036,-0.01366561,-0.005215987,0.0100997375,0.0089992374
0.0234456058,-0.002839901,0.0045936377,-0.000746606,0.0067411212,-0.02098777,-0.011004251
-0.013183581,-0.003310571,-0.021407398,0.0014412495,-0.01572659,-0.005285551,0.0067054544
0.0152681248,-0.000284358,0.0084341556,-0.00206561,-0.003303471,0.007701908,-0.000243418
-0.008426454,-0.004069994,-0.015039647,-0.01325341,-0.014403619,-0.023332881,-0.022661817
0.0063687745,-0.00072459,0.0001290078,-0.008999567,-0.01249983,-0.00483284,-0.013333695
0.0086328397,0.0131981022,-0.008959741,-0.020728005,-0.011313714,-0.002904059,0.0056170824
0.0053043624,-0.001783011,-0.022258074,-0.004842848,-0.007793792,-0.003286905,0.0116565459
0.0068296409,0.0130338322,0.005050703,0.001368471,-0.013361332,-0.002601574,-0.011036735
-0.011332155,-0.007530147,-0.006324525,0.0171276718,-0.004887238,-0.010185519,0.0102280475
0.0102385056,0.0004517657,0.0225529411,0.0023291879,0.0063048598,0.0052075947,0.0071023248
0.0033460325,0.0001176075,0.0079304627,0.0122602967,0.0010018454,-0.006805577,-0.011391359
-0.010677155,0.0110475786,0.0159919889,0.0062797999,0.0084486873,0.0036436208,-0.008494531
-0.012291043,0.0085702944,-0.007740588,-0.007904551,0.0047427062,0.0125304655,0.0057847898
-0.001159595,-0.005971607,0.0046910313,0.0006626851,0.0083145032,0.0055387241,0.0124586915
-0.025725938,-0.013668717,-0.000795546,-0.001969377,-0.011608881,0.0036017552,-0.002830658
-0.000669775,-0.002248723,0.0110365616,0.0192891021,0.0324106449,0.0078437437,0.0104024042
0.0052922748,0.0045187388,0.0000956875,0.0089288607,-0.011302319,-0.007756208,-0.003642775
0.0053571958,-0.000647171,-0.002566639,-0.009411532,-0.014512177,0.0016550936,-0.009217391
0.0015316912,-0.00481831,-0.009268986,-0.006884356,0.0095611389,0.0117796168,-0.003313548
0.0107188915,-0.015157572,-0.008410295,0.0084865017,0.0004341556,-0.015697963,-0.010813957
-0.008530368,-0.016991833,-0.012907211,0.0056316654,0.0066331013,-0.003322024,0.0003983157
0.0167545553,0.0017983607,0.0064848035,0.0142516132,-0.000294486,-0.01274847,0.0069218815
0.001586237,-0.003114345,-0.004841582,-0.007157613,-0.008534384,-0.001916115,0.0036173879
-0.000774152,-0.002143089,0.0058246656,-0.010747051,0.0102148054,-0.01485091,0.0019146317
0.0074301875,0.0013571249,0.0119188198,0.0135142071,-0.009620661,-0.00335631,0.0070383796
-0.003677614,-0.006362536,-0.009484061,-0.005299681,-0.010252304,0.0027858324,-0.017204474
-0.004154814,-0.001933748,0.0159253587,0.0013351769,-0.00292918,-0.007417361,-0.018165088
0.0010806021,0.0035459572,0.0110183749,-0.010350687,0.0088240519,0.011421566,0.0179047309
0.006271423,-0.00812071,-0.012769947,-0.004075802,-0.001179512,-0.0024967,-0.000871602
-0.000798602,-0.009501855,-0.0144923,-0.000595925,0.0061127022,-0.008409149,0.0031287622
0.0227283717,0.0222319366,0.0200836205,0.0148070537,-0.006044001,0.018491411,0.0031607131
0.0020088518,0.0019223236,0.0145758367,0.0112867171,-0.005792375,-0.018873557,-0.005970748
-0.011268903,0.0117193637,0.0142979428,-0.000909811,-0.005702061,0.0084933189,0.018718527
0.0071923982,0.0069104829,0.0016070392,0.0095791926,-0.009589699,0.0030343967,0.0093559168
0.0047676061,0.0135877266,-0.003459908,0.0003315991,-0.009326244,0.0023626815,-0.008600768
0.0050844883,0.0270267557,0.0294023839,0.0209629665,0.0166463565,0.0211145101,0.0201642194
0.0042952247,0.0159936689,0.0052170404,-0.000426028,0.006923727,0.0109695734,0.0138058155
0.0142772874,0.0201779425,0.0153884922,0.0299548541,0.022595366,0.0120778012,0.0121413283
-0.005586548,0.017965856,-0.003468963,0.0178762957,0.0118449021,0.005847685,0.0047218441
0.0061371076,-0.002646875,0.008081354,-0.008257319,-0.006183468,0.0103920329,0.0019542003
0.0092422744,0.0133889453,0.0217024081,0.0094448648,-0.013801753,0.0077320169,0.0065829386
0.0078203647,0.0120130091,0.0031471622,0.0103351572,0.0054919679,-0.019462891,-0.001658701
-0.003312626,-0.004865255,-0.013754465,-0.020357016,-0.008656037,-0.005839599,-0.015075555
0.0002023043,-0.016113581,0.0041050022,-0.010635069,-0.006332538,0.0030815891,-0.000611949
0.0076995773,-0.000682466,-0.001582917,0.0156321362,0.0058261034,0.0010704966,-0.009896136
-0.016121089,-0.003251991,-0.010235956,0.0036953852,-0.017755223,0.0022137302,-0.006250033
0.0009193478,0.0066627672,0.0027506049,-0.00491,-0.004732702,0.0059567406,0.0014856564
-0.007705652,-0.006600659,0.0004708942,0.0013634378,-0.006742696,-0.009500091,-0.004532587
0.0307709791,0.0018735977,0.0087188589,0.0020388932,-0.003289091,0.0057390645,0.0057327172
-0.011541135,-0.003968422,-0.001711175,0.0073008958,-0.005859316,-0.00095545,0.0070829974
0.0009365248,0.004709661,0.0070741114,-0.001867394,0.0081707587,0.0089253296,0.0052282156
0.0068528655,0.0227378018,0.0246749294,0.0030231749,0.0140781405,0.0017177855,0.0163120281
0.0056998918,0.0017992184,0.0180247645,0.0030024212,-0.001286544,0.0162952258,0.0036196873
0.0136048192,0.0135276027,0.0079485599,0.0006863972,0.0185349091,0.0093245706,0.0206407909
-0.003511877,-0.000367494,-0.002005757,-0.011774763,0.0188606781,0.0192618958,0.0136817335
-0.017836449,0.001774138,-0.002574542,-0.007653444,-0.017523182,0.0003390685,-0.006415414
0.0017876091,0.0021320953,-0.002892056,0.0068888086,-0.01505337,-0.011481578,-0.004973873
-0.007364138,0.0096261082,0.0132767935,0.0070964618,0.0041384625,0.0174867003,0.0103254933
-0.011168715,-0.008201246,-0.006939751,-0.004117122,0.010552912,0.0014683506,0.0047148903
0.009376699,0.0034302906,0.0041726814,-0.008867611,-0.003486749,0.0026124212,-0.006955582
0.0075015995,0.0114299503,0.0264215539,-0.006473414,0.0024877287,0.0127941048,0.008348133
0.0015647385,0.0038074221,0.0193749602,-0.013395272,0.0017848285,0.0002866569,-0.005694697
0.0054909235,0.0164735881,0.0063937863,0.0218837636,0.005845075,-0.006172609,0.0066076997
0.0087516118,-0.006545307,-0.002030883,-0.003980916,-0.000940568,0.0047189429,0.0120442182
0.0090037425,0.0045281411,0.0181506983,0.0114098509,0.0112615663,0.0031183132,0.0132104128
-0.000519245,-0.0012519,-0.008579127,0.0058307542,0.013248522,0.0041413604,0.0009545789
0.0046799884,0.005677785,0.0164846843,0.0115192946,0.0173321175,0.0062439494,0.0115965167
-0.009900525,-0.002137001,0.0071865873,-0.027478542,0.0044441431,-0.01236202,-0.004552852
0.0064737629,-0.012194651,-0.009241972,0.0065722883,0.0120426108,-0.011801662,0.0137292284
-0.001111446,0.0005956316,0.0058012547,0.0019968694,0.0005455738,-0.003634398,-0.001711519
-0.004197465,-0.006037342,-0.010768099,0.0102498484,0.0014498357,-0.007149535,0.0021261353
0.0078964613,0.0174422712,0.0005116908,-0.010926907,-0.002133543,-0.005145262,-0.003502392
-0.007097496,0.0049025747,-0.007215848,-0.011750158,-0.002134479,-0.010671073,0.0027223087
0.0194656421,0.0103794855,0.0156344489,0.0007295346,0.0078189625,-0.003475299,-0.002616977
0.0060790371,0.0062688206,0.0122047674,-0.004617175,0.0027688614,0.0131759585,0.0031604757
0.0066947647,-0.009986436,-0.010495021,-0.012177021,0.0037807266,-0.005880139,-0.002850052
0.0090814144,0.009172283,0.0247884354,0.0038545271,-0.003543042,0.0134301769,0.0087003311
0.0097207891,-0.000581807,-0.005488194,0.014396342,0.0156359967,0.0011151391,-0.000045017
0.0106657319,0.0049410545,0.00450728,0.0138997959,0.0209661813,0.0285417091,-0.000698467
0.0067109455,-0.001447059,-0.012249658,-0.015818327,-0.007022388,0.0084796052,-0.012083835
0.0031232259,-0.010181022,-0.005835788,-0.010652452,-0.011641372,-0.019274503,0.007929554
0.0087380497,0.0069949502,0.010811956,0.0021948046,-0.003159324,0.0218185279,0.0130645337
0.0216347633,0.0184975239,0.0079523595,0.0012812212,-0.000524132,0.00690819,-0.009425058
0.0106617666,-0.0010216,0.0044845451,-0.012615205,-0.01391404,-0.013130305,-0.008882604
-0.004276243,-0.009230102,0.0071171977,-0.00523883,0.0045861806,0.0053084115,0.0133828902
0.003227205,-0.006851265,-0.011270265,-0.007565813,0.0001383096,-0.007528974,-0.015566206
0.0030585256,0.008246585,-0.000459565,0.005372551,0.0162189825,0.0090835958,0.0070873233
0.0053256692,0.0008244758,0.0084858936,0.0145893887,-0.002353389,0.0001882326,-0.003722811
0.0042704966,0.0151182903,0.0068796456,0.0178186369,0.0027594867,0.0003163168,0.0066650282
-0.01274236,-0.01132256,-0.020789269,-0.006865291,-0.012468883,0.0022206378,-0.022783178
0.0025678802,-0.001451037,0.0083912671,0.0006226977,-0.008503278,0.020441263,0.0049678427
-0.00090327,0.0087560052,-0.005597812,-0.001720022,0.0049159683,-0.022938756,-0.027476996
0.0040230252,-0.009470804,-0.007926128,0.0087107366,0.001852264,-0.017026269,-0.000617479
0.0031021107,0.0046084765,-0.00474575,0.0085907547,0.0087214852,-0.000391651,0.0049016217
-0.005491005,0.0039550037,-0.000960775,0.0119892262,0.0045183853,0.0071403262,0.00424034
-0.009399865,0.003393906,0.0009820009,0.0181194757,0.0059087616,0.0011921365,0.0036974465
0.0099994488,-0.005987933,0.0073243319,-0.009724083,0.0077634744,-0.001492041,0.0142190012
0.0025223924,0.0048414944,0.0164106056,0.0018813761,0.0058871775,-0.00669198,-0.000534415
0.0025492189,0.0141079349,0.0226926841,-0.00705007,-0.004448236,0.0007113578,-0.009642117
0.0033950835,0.0111254339,0.0142990387,-0.007819722,0.0089124034,0.0173986277,-0.002542355
0.0253971241,0.0060737825,0.0147787122,-0.014476373,-0.00773279,-0.003743281,-0.017317354
0.0036394689,-0.005105938,-0.006136676,0.0026220923,0.0135768954,0.0053269666,-0.008965041
-0.007828405,-0.00671811,-0.000717161,0.0030610665,0.0130968271,0.0047879354,0.0116392104
-0.006144033,0.0077818996,0.0028895721,0.0067524328,-0.017901528,-0.005092169,-0.005517904
-0.00435144,0.0064930695,0.0185168389,0.0045126835,0.0043869072,-0.008376113,0.0014892761
0.0065825128,0.0066145752,0.0024689221,0.0000172062,-0.012931684,0.0118824074,-0.002143399
0.0161111804,0.0164517947,0.0019488744,-0.006109187,0.0233475618,0.0048957232,0.0043468676
0.011568014,0.0057171745,-0.013147788,0.0252330193,0.0001605701,0.0088822946,0.0140564593
0.0141526816,0.0169124216,0.0074334815,-0.009870935,0.0138658929,-0.003906504,0.0097665189
0.0070650328,-0.00050512,0.0068291815,0.0036835834,0.0019188425,0.0158363942,0.0145961457
-0.001147037,0.0016012239,-0.006835228,0.0053289886,0.0154249895,0.0051402506,0.0013576603
0.0011766805,-0.000721971,0.0130663732,0.0016412417,0.0227119093,0.0143036046,0.0096246229
0.0057704179,0.0062121496,0.0168593448,-0.000291991,0.0021337345,0.0075948711,-0.000674395
-0.016772426,-0.007401225,-0.007765791,0.002939794,-0.011512908,-0.0089617,-0.000899969
0.0252486942,0.0132583222,-0.006420802,-0.006073013,-0.008612014,0.0018275735,0.0111940498
-0.005113711,0.0117277465,0.0040349658,-0.005750703,0.0057101978,-0.003436503,-0.005344268
-0.00138823,-0.001958516,-0.003872199,-0.010858463,-0.003133508,-0.01656911,0.0063029773
-0.00047048,-0.001807238,0.0023174147,0.0037855276,-0.018336152,0.0154012298,-0.005987543
0.0022264439,0.0003628512,-0.003875305,0.0022124902,-0.000549239,-0.006558256,-0.001475414
-0.002556917,0.011812022,-0.01313157,-0.003335646,0.0039768079,-0.001979786,0.000780023
-0.008051952,0.0059871174,-0.003823306,0.017572608,-0.005715614,0.0111053643,-0.006497782
0.0155089028,0.0024411553,-0.003667303,0.0234401265,-0.002363766,0.0253728108,0.0051241247
0.0059038362,0.0117302074,0.0124212017,-0.014642413,0.011165398,0.0048716487,-0.009702004
0.0027051453,0.0041911829,0.0057048885,-6.363845E-6,0.0133918408,-0.003561471,-0.002802436
0.0172490648,0.0173154292,0.0198967402,0.010905879,0.0310052369,0.0002184535,0.0122934617
-0.002277459,-0.018982766,-0.006582417,-0.00689003,-0.001216961,0.0019320475,-0.004076668
-0.00701011,-0.000782785,0.0206840644,-0.000064873,0.0028040884,0.0059047597,0.0010358197
0.0172529576,-0.004666678,0.0146493145,-0.000042372,0.0151288743,0.0046234649,-0.000320639
-0.010730323,-0.006968005,-0.012733276,-0.004030978,-0.001164483,-0.006062931,-0.013678045
0.0072417121,-0.011266999,-0.001772647,-0.001093583,0.0063826301,0.0014320512,-0.008987133
0.0021534944,0.0116859003,0.0046998722,-0.00651269,0.0112351657,0.0018235378,0.0090365191
0.010527065,0.0003401976,0.0136462592,-0.007147187,0.0139338465,0.0108726121,0.0128079988
-0.000519051,-0.00066106,0.0130018291,0.0036699313,0.0053605464,0.005827063,-0.000396976
0.0016139997,0.0144890788,0.0056775003,0.003442275,0.0252318271,0.0031285675,-0.00305353
0.0078880384,-0.002200397,0.015056964,0.0002878682,0.0196577429,0.0114671395,0.0151586372
0.0037618873,0.015720436,0.0072828698,0.0084536463,0.0018800095,0.0177981858,0.0076326671
0.0072600305,0.0120190707,-0.000269633,-0.020712195,0.0089217094,-0.008692843,0.0073682629
-0.007292062,-0.002662784,-0.008170422,0.0128944935,-0.012436995,-0.011289765,-0.01177091
0.0049275395,0.010796947,0.001543718,0.0095469488,-0.00618921,0.0016891905,-0.007375609
0.015707698,0.0094503192,0.0123221649,-0.009189043,0.0029749689,0.0145279877,0.0073801277
0.0050937895,0.0120495967,0.0121502357,0.0231168188,-0.002988793,0.0036786239,0.0203360678
-0.003489221,0.0225204947,-0.003401529,0.0214969539,0.0023523503,0.0034773467,0.0192058695
-0.008404141,-0.006206267,0.0092695656,-0.002849179,-0.006728051,0.0003114407,-0.012964443
-0.010167293,0.0013909602,0.0036785974,-0.007985334,-0.000102415,0.0034163147,-0.004295853
-0.0038719,0.0041150391,0.0051178598,-0.000816368,-0.016715548,0.0042164185,-0.005391756
-0.005016723,-0.007743509,-0.002012744,0.0126136954,0.0078002068,0.0019164171,0.0095883514
0.0180159404,-0.001041833,0.0127789666,-0.000490949,0.0086033097,0.0209160598,-0.002850382
0.0022617228,-0.002484904,0.006022001,0.0078297754,0.0046069954,0.0119288288,0.0119282181
-0.013031047,0.0196054502,0.0084165861,0.0044363953,-0.011666109,0.0062860195,0.0090872035
-0.003262956,-0.003780799,0.001832172,0.0085126577,0.0077382797,0.0096987506,-0.006759016
-0.012404389,0.0085948774,0.0033519581,0.0059750876,0.0038624688,-0.002765065,0.0075598939
-0.017302672,0.0097105775,-0.016524707,-0.008554198,-0.006945405,-0.024406769,-0.008996949
0.0149066934,0.0027552393,0.0048413145,0.003294606,0.0053254168,-0.020785878,-0.007642971
-0.000514165,0.0024247006,-0.000948364,-0.002074435,-0.017133577,0.0085480621,-0.010685836
