TLx,TMx,TRx,MLx,MMx,MRx,BLx,BMx,BRx,TLo,TMo,TRo,MLo,MMo,MRo,BLo,BMo,BRo,TLb,TMb,TRb,MLb,MMb,MRb,BLb,BMb,BRb
1,1,1,1,0,0,1,0,0,0,0,0,0,1,1,0,1,1,0,0,0,0,0,0,0,0,0
1,1,1,1,0,0,0,1,0,0,0,0,0,1,1,1,0,1,0,0,0,0,0,0,0,0,0
1,1,1,1,0,0,0,0,1,0,0,0,0,1,1,1,1,0,0,0,0,0,0,0,0,0,0
1,1,1,1,0,0,0,0,0,0,0,0,0,1,1,1,0,0,0,0,0,0,0,0,0,1,1
1,1,1,1,0,0,0,0,0,0,0,0,0,1,1,0,1,0,0,0,0,0,0,0,1,0,1
1,1,1,1,0,0,0,0,0,0,0,0,0,1,1,0,0,1,0,0,0,0,0,0,1,1,0
1,1,1,1,0,0,0,0,0,0,0,0,0,1,0,1,1,0,0,0,0,0,0,1,0,0,1
1,1,1,1,0,0,0,0,0,0,0,0,0,1,0,1,0,1,0,0,0,0,0,1,0,1,0
1,1,1,1,0,0,0,0,0,0,0,0,0,1,0,0,1,1,0,0,0,0,0,1,1,0,0
1,1,1,1,0,0,0,0,0,0,0,0,0,0,1,1,1,0,0,0,0,0,1,0,0,0,1
1,1,1,1,0,0,0,0,0,0,0,0,0,0,1,1,0,1,0,0,0,0,1,0,0,1,0
1,1,1,1,0,0,0,0,0,0,0,0,0,0,1,0,1,1,0,0,0,0,1,0,1,0,0
1,1,1,0,1,0,1,0,0,0,0,0,1,0,1,0,1,1,0,0,0,0,0,0,0,0,0
1,1,1,0,1,0,0,1,0,0,0,0,1,0,1,1,0,1,0,0,0,0,0,0,0,0,0
1,1,1,0,1,0,0,0,1,0,0,0,1,0,1,1,1,0,0,0,0,0,0,0,0,0,0
1,1,1,0,1,0,0,0,0,0,0,0,1,0,1,1,0,0,0,0,0,0,0,0,0,1,1
1,1,1,0,1,0,0,0,0,0,0,0,1,0,1,0,1,0,0,0,0,0,0,0,1,0,1
1,1,1,0,1,0,0,0,0,0,0,0,1,0,1,0,0,1,0,0,0,0,0,0,1,1,0
1,1,1,0,1,0,0,0,0,0,0,0,1,0,0,1,1,0,0,0,0,0,0,1,0,0,1
1,1,1,0,1,0,0,0,0,0,0,0,1,0,0,1,0,1,0,0,0,0,0,1,0,1,0
1,1,1,0,1,0,0,0,0,0,0,0,1,0,0,0,1,1,0,0,0,0,0,1,1,0,0
1,1,1,0,0,1,1,0,0,0,0,0,1,1,0,0,1,1,0,0,0,0,0,0,0,0,0
1,1,1,0,0,1,0,1,0,0,0,0,1,1,0,1,0,1,0,0,0,0,0,0,0,0,0
1,1,1,0,0,1,0,0,1,0,0,0,1,1,0,1,1,0,0,0,0,0,0,0,0,0,0
1,1,1,0,0,1,0,0,0,0,0,0,1,1,0,1,0,0,0,0,0,0,0,0,0,1,1
1,1,1,0,0,1,0,0,0,0,0,0,1,1,0,0,1,0,0,0,0,0,0,0,1,0,1
1,1,1,0,0,1,0,0,0,0,0,0,1,1,0,0,0,1,0,0,0,0,0,0,1,1,0
1,1,1,0,0,0,1,0,0,0,0,0,1,1,0,0,1,0,0,0,0,0,0,1,0,0,1
1,1,1,0,0,0,1,0,0,0,0,0,1,1,0,0,0,1,0,0,0,0,0,1,0,1,0
1,1,1,0,0,0,0,1,0,0,0,0,1,1,0,1,0,0,0,0,0,0,0,1,0,0,1
1,1,1,0,0,0,0,0,1,0,0,0,1,1,0,1,0,0,0,0,0,0,0,1,0,1,0
1,1,1,0,0,0,0,1,0,0,0,0,1,1,0,0,0,1,0,0,0,0,0,1,1,0,0
1,1,1,0,0,0,0,0,1,0,0,0,1,1,0,0,1,0,0,0,0,0,0,1,1,0,0
1,1,1,0,0,0,0,0,0,0,0,0,1,1,0,0,0,0,0,0,0,0,0,1,1,1,1
1,1,1,0,0,1,0,0,0,0,0,0,1,0,0,1,1,0,0,0,0,0,1,0,0,0,1
1,1,1,0,0,1,0,0,0,0,0,0,1,0,0,1,0,1,0,0,0,0,1,0,0,1,0
1,1,1,0,0,1,0,0,0,0,0,0,1,0,0,0,1,1,0,0,0,0,1,0,1,0,0
1,1,1,0,0,0,1,0,0,0,0,0,1,0,1,0,1,0,0,0,0,0,1,0,0,0,1
1,1,1,0,0,0,1,0,0,0,0,0,1,0,1,0,0,1,0,0,0,0,1,0,0,1,0
1,1,1,0,0,0,0,1,0,0,0,0,1,0,1,1,0,0,0,0,0,0,1,0,0,0,1
1,1,1,0,0,0,0,0,1,0,0,0,1,0,1,1,0,0,0,0,0,0,1,0,0,1,0
1,1,1,0,0,0,0,1,0,0,0,0,1,0,1,0,0,1,0,0,0,0,1,0,1,0,0
1,1,1,0,0,0,0,0,1,0,0,0,1,0,1,0,1,0,0,0,0,0,1,0,1,0,0
1,1,1,0,0,0,0,0,0,0,0,0,1,0,1,0,0,0,0,0,0,0,1,0,1,1,1
1,1,1,0,0,0,1,0,0,0,0,0,1,0,0,0,1,1,0,0,0,0,1,1,0,0,0
1,1,1,0,0,0,0,1,0,0,0,0,1,0,0,1,0,1,0,0,0,0,1,1,0,0,0
1,1,1,0,0,0,0,0,1,0,0,0,1,0,0,1,1,0,0,0,0,0,1,1,0,0,0
1,1,1,0,0,0,0,0,0,0,0,0,1,0,0,1,0,0,0,0,0,0,1,1,0,1,1
1,1,1,0,0,0,0,0,0,0,0,0,1,0,0,0,1,0,0,0,0,0,1,1,1,0,1
1,1,1,0,0,0,0,0,0,0,0,0,1,0,0,0,0,1,0,0,0,0,1,1,1,1,0
1,1,1,0,1,0,0,0,0,0,0,0,0,0,1,1,1,0,0,0,0,1,0,0,0,0,1
1,1,1,0,1,0,0,0,0,0,0,0,0,0,1,1,0,1,0,0,0,1,0,0,0,1,0
1,1,1,0,1,0,0,0,0,0,0,0,0,0,1,0,1,1,0,0,0,1,0,0,1,0,0
1,1,1,0,0,1,0,0,0,0,0,0,0,1,0,1,1,0,0,0,0,1,0,0,0,0,1
1,1,1,0,0,1,0,0,0,0,0,0,0,1,0,1,0,1,0,0,0,1,0,0,0,1,0
1,1,1,0,0,1,0,0,0,0,0,0,0,1,0,0,1,1,0,0,0,1,0,0,1,0,0
1,1,1,0,0,0,1,0,0,0,0,0,0,1,1,0,1,0,0,0,0,1,0,0,0,0,1
1,1,1,0,0,0,1,0,0,0,0,0,0,1,1,0,0,1,0,0,0,1,0,0,0,1,0
1,1,1,0,0,0,0,1,0,0,0,0,0,1,1,1,0,0,0,0,0,1,0,0,0,0,1
1,1,1,0,0,0,0,0,1,0,0,0,0,1,1,1,0,0,0,0,0,1,0,0,0,1,0
1,1,1,0,0,0,0,1,0,0,0,0,0,1,1,0,0,1,0,0,0,1,0,0,1,0,0
1,1,1,0,0,0,0,0,1,0,0,0,0,1,1,0,1,0,0,0,0,1,0,0,1,0,0
1,1,1,0,0,0,0,0,0,0,0,0,0,1,1,0,0,0,0,0,0,1,0,0,1,1,1
1,1,1,0,0,0,1,0,0,0,0,0,0,1,0,0,1,1,0,0,0,1,0,1,0,0,0
1,1,1,0,0,0,0,1,0,0,0,0,0,1,0,1,0,1,0,0,0,1,0,1,0,0,0
1,1,1,0,0,0,0,0,1,0,0,0,0,1,0,1,1,0,0,0,0,1,0,1,0,0,0
1,1,1,0,0,0,0,0,0,0,0,0,0,1,0,1,0,0,0,0,0,1,0,1,0,1,1
1,1,1,0,0,0,0,0,0,0,0,0,0,1,0,0,1,0,0,0,0,1,0,1,1,0,1
1,1,1,0,0,0,0,0,0,0,0,0,0,1,0,0,0,1,0,0,0,1,0,1,1,1,0
1,1,1,0,0,0,1,0,0,0,0,0,0,0,1,0,1,1,0,0,0,1,1,0,0,0,0
1,1,1,0,0,0,0,1,0,0,0,0,0,0,1,1,0,1,0,0,0,1,1,0,0,0,0
1,1,1,0,0,0,0,0,1,0,0,0,0,0,1,1,1,0,0,0,0,1,1,0,0,0,0
1,1,1,0,0,0,0,0,0,0,0,0,0,0,1,1,0,0,0,0,0,1,1,0,0,1,1
1,1,1,0,0,0,0,0,0,0,0,0,0,0,1,0,1,0,0,0,0,1,1,0,1,0,1
1,1,1,0,0,0,0,0,0,0,0,0,0,0,1,0,0,1,0,0,0,1,1,0,1,1,0
1,1,1,0,0,0,0,0,0,0,0,0,0,0,0,1,1,0,0,0,0,1,1,1,0,0,1
1,1,1,0,0,0,0,0,0,0,0,0,0,0,0,1,0,1,0,0,0,1,1,1,0,1,0
1,1,1,0,0,0,0,0,0,0,0,0,0,0,0,0,1,1,0,0,0,1,1,1,1,0,0
1,1,0,1,1,0,0,0,1,0,0,1,0,0,1,1,1,0,0,0,0,0,0,0,0,0,0
1,1,0,1,0,1,1,0,0,0,0,1,0,1,0,0,1,1,0,0,0,0,0,0,0,0,0
1,1,0,1,0,0,1,0,1,0,0,1,0,1,1,0,1,0,0,0,0,0,0,0,0,0,0
1,1,0,1,0,0,1,0,0,0,0,1,0,1,1,0,0,0,0,0,0,0,0,0,0,1,1
1,1,0,1,0,0,1,0,0,0,0,1,0,1,0,0,1,0,0,0,0,0,0,1,0,0,1
1,1,0,1,0,0,1,0,0,0,0,1,0,1,0,0,0,1,0,0,0,0,0,1,0,1,0
1,1,0,1,0,0,1,0,0,0,0,1,0,0,1,0,1,0,0,0,0,0,1,0,0,0,1
1,1,0,1,0,0,1,0,0,0,0,1,0,0,0,0,1,1,0,0,0,0,1,1,0,0,0
1,1,0,0,1,1,0,1,0,0,0,1,1,0,0,1,0,1,0,0,0,0,0,0,0,0,0
1,1,0,0,1,1,0,0,1,0,0,1,1,0,0,1,1,0,0,0,0,0,0,0,0,0,0
1,1,0,0,1,0,1,0,1,0,0,1,1,0,1,0,1,0,0,0,0,0,0,0,0,0,0
1,1,0,0,1,0,0,1,1,0,0,1,1,0,1,1,0,0,0,0,0,0,0,0,0,0,0
1,1,0,0,1,0,0,1,0,0,0,1,1,0,1,0,0,0,0,0,0,0,0,0,1,0,1
1,1,0,0,1,0,0,0,1,0,0,1,1,0,1,0,0,0,0,0,0,0,0,0,1,1,0
1,1,0,0,1,0,0,1,0,0,0,1,1,0,0,1,0,0,0,0,0,0,0,1,0,0,1
1,1,0,0,1,0,0,0,1,0,0,1,1,0,0,1,0,0,0,0,0,0,0,1,0,1,0
1,1,0,0,1,0,0,1,0,0,0,1,1,0,0,0,0,1,0,0,0,0,0,1,1,0,0
1,1,0,0,1,0,0,0,1,0,0,1,1,0,0,0,1,0,0,0,0,0,0,1,1,0,0
1,1,0,0,1,0,0,1,0,0,0,1,0,0,1,1,0,0,0,0,0,1,0,0,0,0,1
1,1,0,0,1,0,0,0,1,0,0,1,0,0,1,1,0,0,0,0,0,1,0,0,0,1,0
1,1,0,0,1,0,0,0,1,0,0,1,0,0,1,0,1,0,0,0,0,1,0,0,1,0,0
1,1,0,0,1,0,0,1,0,0,0,1,0,0,0,1,0,1,0,0,0,1,0,1,0,0,0
1,1,0,0,1,0,0,0,1,0,0,1,0,0,0,1,1,0,0,0,0,1,0,1,0,0,0
1,1,0,1,0,0,1,0,0,0,0,0,0,1,1,0,1,0,0,0,1,0,0,0,0,0,1
1,1,0,1,0,0,1,0,0,0,0,0,0,1,1,0,0,1,0,0,1,0,0,0,0,1,0
1,1,0,1,0,0,1,0,0,0,0,0,0,1,0,0,1,1,0,0,1,0,0,1,0,0,0
1,1,0,1,0,0,1,0,0,0,0,0,0,0,1,0,1,1,0,0,1,0,1,0,0,0,0
1,1,0,0,1,0,0,1,0,0,0,0,1,0,1,1,0,0,0,0,1,0,0,0,0,0,1
1,1,0,0,1,0,0,0,1,0,0,0,1,0,1,1,0,0,0,0,1,0,0,0,0,1,0
1,1,0,0,1,0,0,1,0,0,0,0,1,0,1,0,0,1,0,0,1,0,0,0,1,0,0
1,1,0,0,1,0,0,0,1,0,0,0,1,0,1,0,1,0,0,0,1,0,0,0,1,0,0
1,1,0,0,1,0,0,1,0,0,0,0,1,0,0,1,0,1,0,0,1,0,0,1,0,0,0
1,1,0,0,1,0,0,0,1,0,0,0,1,0,0,1,1,0,0,0,1,0,0,1,0,0,0
1,1,0,0,1,0,0,1,0,0,0,0,0,0,1,1,0,1,0,0,1,1,0,0,0,0,0
1,1,0,0,1,0,0,0,1,0,0,0,0,0,1,1,1,0,0,0,1,1,0,0,0,0,0
1,0,1,1,1,0,1,0,0,0,1,0,0,0,1,0,1,1,0,0,0,0,0,0,0,0,0
1,0,1,1,1,0,0,0,1,0,1,0,0,0,1,1,1,0,0,0,0,0,0,0,0,0,0
1,0,1,1,0,0,1,1,0,0,1,0,0,1,1,0,0,1,0,0,0,0,0,0,0,0,0
1,0,1,1,0,0,1,0,0,0,1,0,0,1,1,0,0,0,0,0,0,0,0,0,0,1,1
1,0,1,1,0,0,1,0,0,0,1,0,0,1,0,0,0,1,0,0,0,0,0,1,0,1,0
1,0,1,1,0,0,1,0,0,0,1,0,0,0,1,0,1,0,0,0,0,0,1,0,0,0,1
1,0,1,1,0,0,1,0,0,0,1,0,0,0,1,0,0,1,0,0,0,0,1,0,0,1,0
1,0,1,1,0,0,1,0,0,0,1,0,0,0,0,0,1,1,0,0,0,0,1,1,0,0,0
1,0,1,0,1,1,1,0,0,0,1,0,1,0,0,0,1,1,0,0,0,0,0,0,0,0,0
1,0,1,0,1,1,0,0,1,0,1,0,1,0,0,1,1,0,0,0,0,0,0,0,0,0,0
1,0,1,0,1,0,1,1,0,0,1,0,1,0,1,0,0,1,0,0,0,0,0,0,0,0,0
1,0,1,0,1,0,1,0,1,0,1,0,1,0,1,0,1,0,0,0,0,0,0,0,0,0,0
1,0,1,0,1,0,1,0,0,0,1,0,1,0,1,0,0,0,0,0,0,0,0,0,0,1,1
1,0,1,0,1,0,0,1,1,0,1,0,1,0,1,1,0,0,0,0,0,0,0,0,0,0,0
1,0,1,0,1,0,0,0,1,0,1,0,1,0,1,0,0,0,0,0,0,0,0,0,1,1,0
1,0,1,0,1,0,1,0,0,0,1,0,1,0,0,0,1,0,0,0,0,0,0,1,0,0,1
1,0,1,0,1,0,1,0,0,0,1,0,1,0,0,0,0,1,0,0,0,0,0,1,0,1,0
1,0,1,0,1,0,0,0,1,0,1,0,1,0,0,1,0,0,0,0,0,0,0,1,0,1,0
1,0,1,0,1,0,0,0,1,0,1,0,1,0,0,0,1,0,0,0,0,0,0,1,1,0,0
1,0,1,0,0,1,0,1,1,0,1,0,1,1,0,1,0,0,0,0,0,0,0,0,0,0,0
1,0,1,0,0,1,0,0,1,0,1,0,1,1,0,0,0,0,0,0,0,0,0,0,1,1,0
1,0,1,0,0,1,0,0,1,0,1,0,1,0,0,1,0,0,0,0,0,0,1,0,0,1,0
1,0,1,0,0,1,0,0,1,0,1,0,1,0,0,0,1,0,0,0,0,0,1,0,1,0,0
1,0,1,0,1,0,1,0,0,0,1,0,0,0,1,0,1,0,0,0,0,1,0,0,0,0,1
1,0,1,0,1,0,1,0,0,0,1,0,0,0,1,0,0,1,0,0,0,1,0,0,0,1,0
1,0,1,0,1,0,0,0,1,0,1,0,0,0,1,1,0,0,0,0,0,1,0,0,0,1,0
1,0,1,0,1,0,0,0,1,0,1,0,0,0,1,0,1,0,0,0,0,1,0,0,1,0,0
1,0,1,0,1,0,1,0,0,0,1,0,0,0,0,0,1,1,0,0,0,1,0,1,0,0,0
1,0,1,0,1,0,0,0,1,0,1,0,0,0,0,1,1,0,0,0,0,1,0,1,0,0,0
1,0,1,0,0,1,0,0,1,0,1,0,0,1,0,1,0,0,0,0,0,1,0,0,0,1,0
1,0,1,0,0,1,0,0,1,0,1,0,0,0,0,1,1,0,0,0,0,1,1,0,0,0,0
1,0,0,1,1,1,1,0,0,0,1,1,0,0,0,0,1,1,0,0,0,0,0,0,0,0,0
1,0,0,1,1,1,0,1,0,0,1,1,0,0,0,1,0,1,0,0,0,0,0,0,0,0,0
1,0,0,1,1,1,0,0,1,0,1,1,0,0,0,1,1,0,0,0,0,0,0,0,0,0,0
1,0,0,1,1,1,0,0,0,0,1,1,0,0,0,1,0,0,0,0,0,0,0,0,0,1,1
1,0,0,1,1,1,0,0,0,0,1,1,0,0,0,0,1,0,0,0,0,0,0,0,1,0,1
1,0,0,1,1,1,0,0,0,0,1,1,0,0,0,0,0,1,0,0,0,0,0,0,1,1,0
1,0,0,1,1,0,1,0,1,0,1,1,0,0,1,0,1,0,0,0,0,0,0,0,0,0,0
1,0,0,1,1,0,1,0,0,0,1,1,0,0,1,0,0,0,0,0,0,0,0,0,0,1,1
1,0,0,1,1,0,0,1,1,0,1,1,0,0,1,1,0,0,0,0,0,0,0,0,0,0,0
1,0,0,1,1,0,0,0,1,0,1,1,0,0,1,0,0,0,0,0,0,0,0,0,1,1,0
1,0,0,1,1,0,1,0,0,0,1,1,0,0,0,0,1,0,0,0,0,0,0,1,0,0,1
1,0,0,1,1,0,1,0,0,0,1,1,0,0,0,0,0,1,0,0,0,0,0,1,0,1,0
1,0,0,1,1,0,0,0,1,0,1,1,0,0,0,1,0,0,0,0,0,0,0,1,0,1,0
1,0,0,1,1,0,0,0,1,0,1,1,0,0,0,0,1,0,0,0,0,0,0,1,1,0,0
1,0,0,1,0,1,1,1,0,0,1,1,0,1,0,0,0,1,0,0,0,0,0,0,0,0,0
1,0,0,1,0,1,1,0,0,0,1,1,0,1,0,0,0,0,0,0,0,0,0,0,0,1,1
1,0,0,1,0,0,1,1,1,0,1,1,0,1,1,0,0,0,0,0,0,0,0,0,0,0,0
1,0,0,1,0,0,1,1,0,0,1,1,0,1,0,0,0,0,0,0,0,0,0,1,0,0,1
1,0,0,1,0,0,1,0,1,0,1,1,0,1,0,0,0,0,0,0,0,0,0,1,0,1,0
1,0,0,1,0,1,1,0,0,0,1,1,0,0,0,0,1,0,0,0,0,0,1,0,0,0,1
1,0,0,1,0,1,1,0,0,0,1,1,0,0,0,0,0,1,0,0,0,0,1,0,0,1,0
1,0,0,1,0,0,1,1,0,0,1,1,0,0,1,0,0,0,0,0,0,0,1,0,0,0,1
1,0,0,1,0,0,1,0,1,0,1,1,0,0,1,0,0,0,0,0,0,0,1,0,0,1,0
1,0,0,1,0,0,1,1,0,0,1,1,0,0,0,0,0,1,0,0,0,0,1,1,0,0,0
1,0,0,1,0,0,1,0,1,0,1,1,0,0,0,0,1,0,0,0,0,0,1,1,0,0,0
1,0,0,1,0,0,1,0,0,0,1,1,0,0,0,0,0,0,0,0,0,0,1,1,0,1,1
1,0,0,0,1,1,1,0,1,0,1,1,1,0,0,0,1,0,0,0,0,0,0,0,0,0,0
1,0,0,0,1,1,0,1,1,0,1,1,1,0,0,1,0,0,0,0,0,0,0,0,0,0,0
1,0,0,0,1,1,0,0,1,0,1,1,1,0,0,0,0,0,0,0,0,0,0,0,1,1,0
1,0,0,0,1,0,1,1,1,0,1,1,1,0,1,0,0,0,0,0,0,0,0,0,0,0,0
1,0,0,0,1,0,1,0,1,0,1,1,1,0,0,0,0,0,0,0,0,0,0,1,0,1,0
1,0,0,0,1,0,0,1,1,0,1,1,1,0,0,0,0,0,0,0,0,0,0,1,1,0,0
1,0,0,0,0,1,1,1,1,0,1,1,1,1,0,0,0,0,0,0,0,0,0,0,0,0,0
1,0,0,0,0,0,1,1,1,0,1,1,1,0,0,0,0,0,0,0,0,0,1,1,0,0,0
1,0,0,0,1,1,0,0,1,0,1,1,0,0,0,1,0,0,0,0,0,1,0,0,0,1,0
1,0,0,0,1,1,0,0,1,0,1,1,0,0,0,0,1,0,0,0,0,1,0,0,1,0,0
1,0,0,0,1,0,1,0,1,0,1,1,0,0,1,0,0,0,0,0,0,1,0,0,0,1,0
1,0,0,0,1,0,0,1,1,0,1,1,0,0,1,0,0,0,0,0,0,1,0,0,1,0,0
1,0,0,0,1,0,1,0,1,0,1,1,0,0,0,0,1,0,0,0,0,1,0,1,0,0,0
1,0,0,0,1,0,0,1,1,0,1,1,0,0,0,1,0,0,0,0,0,1,0,1,0,0,0
1,0,0,0,1,0,0,0,1,0,1,1,0,0,0,0,0,0,0,0,0,1,0,1,1,1,0
1,0,0,0,0,0,1,1,1,0,1,1,0,1,0,0,0,0,0,0,0,1,0,1,0,0,0
1,0,0,0,0,0,1,1,1,0,1,1,0,0,1,0,0,0,0,0,0,1,1,0,0,0,0
1,0,0,1,1,1,0,0,0,0,1,0,0,0,0,1,1,0,0,0,1,0,0,0,0,0,1
1,0,0,1,1,1,0,0,0,0,1,0,0,0,0,1,0,1,0,0,1,0,0,0,0,1,0
1,0,0,1,1,1,0,0,0,0,1,0,0,0,0,0,1,1,0,0,1,0,0,0,1,0,0
1,0,0,1,1,0,1,0,0,0,1,0,0,0,1,0,1,0,0,0,1,0,0,0,0,0,1
1,0,0,1,1,0,1,0,0,0,1,0,0,0,1,0,0,1,0,0,1,0,0,0,0,1,0
1,0,0,1,1,0,0,0,1,0,1,0,0,0,1,1,0,0,0,0,1,0,0,0,0,1,0
1,0,0,1,1,0,0,0,1,0,1,0,0,0,1,0,1,0,0,0,1,0,0,0,1,0,0
1,0,0,1,1,0,1,0,0,0,1,0,0,0,0,0,1,1,0,0,1,0,0,1,0,0,0
1,0,0,1,1,0,0,0,1,0,1,0,0,0,0,1,1,0,0,0,1,0,0,1,0,0,0
1,0,0,1,0,1,1,0,0,0,1,0,0,1,0,0,0,1,0,0,1,0,0,0,0,1,0
1,0,0,1,0,0,1,1,0,0,1,0,0,1,1,0,0,0,0,0,1,0,0,0,0,0,1
1,0,0,1,0,0,1,0,1,0,1,0,0,1,1,0,0,0,0,0,1,0,0,0,0,1,0
1,0,0,1,0,0,1,1,0,0,1,0,0,1,0,0,0,1,0,0,1,0,0,1,0,0,0
1,0,0,1,0,0,1,0,0,0,1,0,0,1,0,0,0,0,0,0,1,0,0,1,0,1,1
1,0,0,1,0,1,1,0,0,0,1,0,0,0,0,0,1,1,0,0,1,0,1,0,0,0,0
1,0,0,1,0,0,1,1,0,0,1,0,0,0,1,0,0,1,0,0,1,0,1,0,0,0,0
1,0,0,1,0,0,1,0,1,0,1,0,0,0,1,0,1,0,0,0,1,0,1,0,0,0,0
1,0,0,1,0,0,1,0,0,0,1,0,0,0,1,0,0,0,0,0,1,0,1,0,0,1,1
1,0,0,1,0,0,1,0,0,0,1,0,0,0,0,0,1,0,0,0,1,0,1,1,0,0,1
1,0,0,1,0,0,1,0,0,0,1,0,0,0,0,0,0,1,0,0,1,0,1,1,0,1,0
1,0,0,0,1,1,0,0,1,0,1,0,1,0,0,1,0,0,0,0,1,0,0,0,0,1,0
1,0,0,0,1,1,0,0,1,0,1,0,1,0,0,0,1,0,0,0,1,0,0,0,1,0,0
1,0,0,0,1,0,1,0,1,0,1,0,1,0,1,0,0,0,0,0,1,0,0,0,0,1,0
1,0,0,0,1,0,0,1,1,0,1,0,1,0,1,0,0,0,0,0,1,0,0,0,1,0,0
1,0,0,0,1,0,1,0,1,0,1,0,1,0,0,0,1,0,0,0,1,0,0,1,0,0,0
1,0,0,0,1,0,0,1,1,0,1,0,1,0,0,1,0,0,0,0,1,0,0,1,0,0,0
1,0,0,0,1,0,0,0,1,0,1,0,1,0,0,0,0,0,0,0,1,0,0,1,1,1,0
1,0,0,0,0,0,1,1,1,0,1,0,1,1,0,0,0,0,0,0,1,0,0,1,0,0,0
1,0,0,0,0,0,1,1,1,0,1,0,1,0,1,0,0,0,0,0,1,0,1,0,0,0,0
1,0,0,0,1,1,0,0,1,0,1,0,0,0,0,1,1,0,0,0,1,1,0,0,0,0,0
1,0,0,0,1,0,1,0,1,0,1,0,0,0,1,0,1,0,0,0,1,1,0,0,0,0,0
1,0,0,0,1,0,0,1,1,0,1,0,0,0,1,1,0,0,0,0,1,1,0,0,0,0,0
1,0,0,0,1,0,0,0,1,0,1,0,0,0,1,0,0,0,0,0,1,1,0,0,1,1,0
1,0,0,0,1,0,0,0,1,0,1,0,0,0,0,1,0,0,0,0,1,1,0,1,0,1,0
1,0,0,0,1,0,0,0,1,0,1,0,0,0,0,0,1,0,0,0,1,1,0,1,1,0,0
1,0,0,0,0,0,1,1,1,0,1,0,0,1,1,0,0,0,0,0,1,1,0,0,0,0,0
1,0,1,1,0,0,1,0,0,0,0,0,0,1,1,0,1,0,0,1,0,0,0,0,0,0,1
1,0,1,1,0,0,1,0,0,0,0,0,0,1,1,0,0,1,0,1,0,0,0,0,0,1,0
1,0,1,1,0,0,1,0,0,0,0,0,0,1,0,0,1,1,0,1,0,0,0,1,0,0,0
1,0,1,1,0,0,1,0,0,0,0,0,0,0,1,0,1,1,0,1,0,0,1,0,0,0,0
1,0,1,0,1,0,1,0,0,0,0,0,1,0,1,0,1,0,0,1,0,0,0,0,0,0,1
1,0,1,0,1,0,1,0,0,0,0,0,1,0,1,0,0,1,0,1,0,0,0,0,0,1,0
1,0,1,0,1,0,0,0,1,0,0,0,1,0,1,1,0,0,0,1,0,0,0,0,0,1,0
1,0,1,0,1,0,0,0,1,0,0,0,1,0,1,0,1,0,0,1,0,0,0,0,1,0,0
1,0,1,0,1,0,1,0,0,0,0,0,1,0,0,0,1,1,0,1,0,0,0,1,0,0,0
1,0,1,0,1,0,0,0,1,0,0,0,1,0,0,1,1,0,0,1,0,0,0,1,0,0,0
1,0,1,0,0,1,0,0,1,0,0,0,1,1,0,1,0,0,0,1,0,0,0,0,0,1,0
1,0,1,0,0,1,0,0,1,0,0,0,1,1,0,0,1,0,0,1,0,0,0,0,1,0,0
1,0,1,0,0,1,0,0,1,0,0,0,1,0,0,1,1,0,0,1,0,0,1,0,0,0,0
1,0,1,0,1,0,1,0,0,0,0,0,0,0,1,0,1,1,0,1,0,1,0,0,0,0,0
1,0,1,0,1,0,0,0,1,0,0,0,0,0,1,1,1,0,0,1,0,1,0,0,0,0,0
1,0,1,0,0,1,0,0,1,0,0,0,0,1,0,1,1,0,0,1,0,1,0,0,0,0,0
1,0,0,1,1,1,0,0,0,0,0,1,0,0,0,1,1,0,0,1,0,0,0,0,0,0,1
1,0,0,1,1,1,0,0,0,0,0,1,0,0,0,1,0,1,0,1,0,0,0,0,0,1,0
1,0,0,1,1,1,0,0,0,0,0,1,0,0,0,0,1,1,0,1,0,0,0,0,1,0,0
1,0,0,1,1,0,1,0,0,0,0,1,0,0,1,0,1,0,0,1,0,0,0,0,0,0,1
1,0,0,1,1,0,0,0,1,0,0,1,0,0,1,1,0,0,0,1,0,0,0,0,0,1,0
1,0,0,1,1,0,0,0,1,0,0,1,0,0,1,0,1,0,0,1,0,0,0,0,1,0,0
1,0,0,1,1,0,1,0,0,0,0,1,0,0,0,0,1,1,0,1,0,0,0,1,0,0,0
1,0,0,1,1,0,0,0,1,0,0,1,0,0,0,1,1,0,0,1,0,0,0,1,0,0,0
1,0,0,1,0,1,1,0,0,0,0,1,0,1,0,0,1,0,0,1,0,0,0,0,0,0,1
1,0,0,1,0,1,1,0,0,0,0,1,0,1,0,0,0,1,0,1,0,0,0,0,0,1,0
1,0,0,1,0,0,1,1,0,0,0,1,0,1,1,0,0,0,0,1,0,0,0,0,0,0,1
1,0,0,1,0,0,1,0,1,0,0,1,0,1,1,0,0,0,0,1,0,0,0,0,0,1,0
1,0,0,1,0,0,1,1,0,0,0,1,0,1,0,0,0,1,0,1,0,0,0,1,0,0,0
1,0,0,1,0,0,1,0,1,0,0,1,0,1,0,0,1,0,0,1,0,0,0,1,0,0,0
1,0,0,1,0,0,1,0,0,0,0,1,0,1,0,0,0,0,0,1,0,0,0,1,0,1,1
1,0,0,1,0,1,1,0,0,0,0,1,0,0,0,0,1,1,0,1,0,0,1,0,0,0,0
1,0,0,1,0,0,1,0,1,0,0,1,0,0,1,0,1,0,0,1,0,0,1,0,0,0,0
1,0,0,1,0,0,1,0,0,0,0,1,0,0,1,0,0,0,0,1,0,0,1,0,0,1,1
1,0,0,1,0,0,1,0,0,0,0,1,0,0,0,0,1,0,0,1,0,0,1,1,0,0,1
1,0,0,1,0,0,1,0,0,0,0,1,0,0,0,0,0,1,0,1,0,0,1,1,0,1,0
1,0,0,0,1,1,0,0,1,0,0,1,1,0,0,1,0,0,0,1,0,0,0,0,0,1,0
1,0,0,0,1,1,0,0,1,0,0,1,1,0,0,0,1,0,0,1,0,0,0,0,1,0,0
1,0,0,0,1,0,1,0,1,0,0,1,1,0,1,0,0,0,0,1,0,0,0,0,0,1,0
1,0,0,0,1,0,0,1,1,0,0,1,1,0,1,0,0,0,0,1,0,0,0,0,1,0,0
1,0,0,0,1,0,1,0,1,0,0,1,1,0,0,0,1,0,0,1,0,0,0,1,0,0,0
1,0,0,0,1,0,0,1,1,0,0,1,1,0,0,1,0,0,0,1,0,0,0,1,0,0,0
1,0,0,0,1,0,0,0,1,0,0,1,1,0,0,0,0,0,0,1,0,0,0,1,1,1,0
1,0,0,0,0,0,1,1,1,0,0,1,1,1,0,0,0,0,0,1,0,0,0,1,0,0,0
1,0,0,0,0,0,1,1,1,0,0,1,1,0,1,0,0,0,0,1,0,0,1,0,0,0,0
1,0,0,0,1,1,0,0,1,0,0,1,0,0,0,1,1,0,0,1,0,1,0,0,0,0,0
1,0,0,0,1,0,1,0,1,0,0,1,0,0,1,0,1,0,0,1,0,1,0,0,0,0,0
1,0,0,0,1,0,0,1,1,0,0,1,0,0,1,1,0,0,0,1,0,1,0,0,0,0,0
1,0,0,0,1,0,0,0,1,0,0,1,0,0,1,0,0,0,0,1,0,1,0,0,1,1,0
1,0,0,0,1,0,0,0,1,0,0,1,0,0,0,1,0,0,0,1,0,1,0,1,0,1,0
1,0,0,0,1,0,0,0,1,0,0,1,0,0,0,0,1,0,0,1,0,1,0,1,1,0,0
1,0,0,0,0,0,1,1,1,0,0,1,0,1,1,0,0,0,0,1,0,1,0,0,0,0,0
1,0,0,1,1,0,1,0,0,0,0,0,0,0,1,0,1,1,0,1,1,0,0,0,0,0,0
1,0,0,1,1,0,0,0,1,0,0,0,0,0,1,1,1,0,0,1,1,0,0,0,0,0,0
1,0,0,1,0,1,1,0,0,0,0,0,0,1,0,0,1,1,0,1,1,0,0,0,0,0,0
1,0,0,1,0,0,1,1,0,0,0,0,0,1,1,0,0,1,0,1,1,0,0,0,0,0,0
1,0,0,1,0,0,1,0,1,0,0,0,0,1,1,0,1,0,0,1,1,0,0,0,0,0,0
1,0,0,1,0,0,1,0,0,0,0,0,0,1,1,0,0,0,0,1,1,0,0,0,0,1,1
1,0,0,1,0,0,1,0,0,0,0,0,0,1,0,0,1,0,0,1,1,0,0,1,0,0,1
1,0,0,1,0,0,1,0,0,0,0,0,0,1,0,0,0,1,0,1,1,0,0,1,0,1,0
1,0,0,1,0,0,1,0,0,0,0,0,0,0,1,0,1,0,0,1,1,0,1,0,0,0,1
1,0,0,1,0,0,1,0,0,0,0,0,0,0,1,0,0,1,0,1,1,0,1,0,0,1,0
1,0,0,1,0,0,1,0,0,0,0,0,0,0,0,0,1,1,0,1,1,0,1,1,0,0,0
1,0,0,0,1,1,0,0,1,0,0,0,1,0,0,1,1,0,0,1,1,0,0,0,0,0,0
1,0,0,0,1,0,1,0,1,0,0,0,1,0,1,0,1,0,0,1,1,0,0,0,0,0,0
1,0,0,0,1,0,0,1,1,0,0,0,1,0,1,1,0,0,0,1,1,0,0,0,0,0,0
1,0,0,0,1,0,0,0,1,0,0,0,1,0,1,0,0,0,0,1,1,0,0,0,1,1,0
1,0,0,0,1,0,0,0,1,0,0,0,1,0,0,1,0,0,0,1,1,0,0,1,0,1,0
1,0,0,0,1,0,0,0,1,0,0,0,1,0,0,0,1,0,0,1,1,0,0,1,1,0,0
1,0,0,0,1,0,0,0,1,0,0,0,0,0,1,1,0,0,0,1,1,1,0,0,0,1,0
1,0,0,0,1,0,0,0,1,0,0,0,0,0,1,0,1,0,0,1,1,1,0,0,1,0,0
1,0,0,0,1,0,0,0,1,0,0,0,0,0,0,1,1,0,0,1,1,1,0,1,0,0,0
0,1,1,1,1,0,1,0,0,1,0,0,0,0,1,0,1,1,0,0,0,0,0,0,0,0,0
0,1,1,1,1,0,0,1,0,1,0,0,0,0,1,1,0,1,0,0,0,0,0,0,0,0,0
0,1,1,1,0,1,0,0,1,1,0,0,0,1,0,1,1,0,0,0,0,0,0,0,0,0,0
0,1,1,0,1,1,1,0,0,1,0,0,1,0,0,0,1,1,0,0,0,0,0,0,0,0,0
0,1,1,0,1,0,1,1,0,1,0,0,1,0,1,0,0,1,0,0,0,0,0,0,0,0,0
0,1,1,0,1,0,1,0,1,1,0,0,1,0,1,0,1,0,0,0,0,0,0,0,0,0,0
0,1,1,0,1,0,1,0,0,1,0,0,1,0,1,0,0,0,0,0,0,0,0,0,0,1,1
0,1,1,0,1,0,0,1,0,1,0,0,1,0,1,0,0,0,0,0,0,0,0,0,1,0,1
0,1,1,0,1,0,1,0,0,1,0,0,1,0,0,0,1,0,0,0,0,0,0,1,0,0,1
0,1,1,0,1,0,1,0,0,1,0,0,1,0,0,0,0,1,0,0,0,0,0,1,0,1,0
0,1,1,0,1,0,0,1,0,1,0,0,1,0,0,0,0,1,0,0,0,0,0,1,1,0,0
0,1,1,0,0,1,1,0,1,1,0,0,1,1,0,0,1,0,0,0,0,0,0,0,0,0,0
0,1,1,0,0,1,0,0,1,1,0,0,1,1,0,0,0,0,0,0,0,0,0,0,1,1,0
0,1,1,0,0,1,0,0,1,1,0,0,1,0,0,0,1,0,0,0,0,0,1,0,1,0,0
0,1,1,0,1,0,1,0,0,1,0,0,0,0,1,0,1,0,0,0,0,1,0,0,0,0,1
0,1,1,0,1,0,1,0,0,1,0,0,0,0,1,0,0,1,0,0,0,1,0,0,0,1,0
0,1,1,0,1,0,0,1,0,1,0,0,0,0,1,1,0,0,0,0,0,1,0,0,0,0,1
0,1,1,0,1,0,0,1,0,1,0,0,0,0,1,0,0,1,0,0,0,1,0,0,1,0,0
0,1,1,0,1,0,1,0,0,1,0,0,0,0,0,0,1,1,0,0,0,1,0,1,0,0,0
0,1,1,0,1,0,0,1,0,1,0,0,0,0,0,1,0,1,0,0,0,1,0,1,0,0,0
0,1,1,0,0,1,0,0,1,1,0,0,0,1,0,1,0,0,0,0,0,1,0,0,0,1,0
0,1,1,0,0,1,0,0,1,1,0,0,0,1,0,0,1,0,0,0,0,1,0,0,1,0,0
0,1,1,0,0,1,0,0,1,1,0,0,0,0,0,1,1,0,0,0,0,1,1,0,0,0,0
0,1,0,1,1,1,1,0,0,1,0,1,0,0,0,0,1,1,0,0,0,0,0,0,0,0,0
0,1,0,1,1,1,0,1,0,1,0,1,0,0,0,1,0,1,0,0,0,0,0,0,0,0,0
0,1,0,1,1,1,0,0,1,1,0,1,0,0,0,1,1,0,0,0,0,0,0,0,0,0,0
0,1,0,1,1,1,0,0,0,1,0,1,0,0,0,1,0,0,0,0,0,0,0,0,0,1,1
0,1,0,1,1,1,0,0,0,1,0,1,0,0,0,0,1,0,0,0,0,0,0,0,1,0,1
0,1,0,1,1,1,0,0,0,1,0,1,0,0,0,0,0,1,0,0,0,0,0,0,1,1,0
0,1,0,1,1,0,0,1,1,1,0,1,0,0,1,1,0,0,0,0,0,0,0,0,0,0,0
0,1,0,1,1,0,0,1,0,1,0,1,0,0,1,0,0,0,0,0,0,0,0,0,1,0,1
0,1,0,1,1,0,0,1,0,1,0,1,0,0,0,1,0,0,0,0,0,0,0,1,0,0,1
0,1,0,1,1,0,0,1,0,1,0,1,0,0,0,0,0,1,0,0,0,0,0,1,1,0,0
0,1,0,1,0,0,1,1,1,1,0,1,0,1,1,0,0,0,0,0,0,0,0,0,0,0,0
0,1,0,0,1,1,1,1,0,1,0,1,1,0,0,0,0,1,0,0,0,0,0,0,0,0,0
0,1,0,0,1,1,0,1,0,1,0,1,1,0,0,0,0,0,0,0,0,0,0,0,1,0,1
0,1,0,0,1,0,1,1,1,1,0,1,1,0,1,0,0,0,0,0,0,0,0,0,0,0,0
0,1,0,0,1,0,1,1,0,1,0,1,1,0,0,0,0,0,0,0,0,0,0,1,0,0,1
0,1,0,0,1,0,0,1,1,1,0,1,1,0,0,0,0,0,0,0,0,0,0,1,1,0,0
0,1,0,0,0,1,1,1,1,1,0,1,1,1,0,0,0,0,0,0,0,0,0,0,0,0,0
0,1,0,0,0,0,1,1,1,1,0,1,1,0,0,0,0,0,0,0,0,0,1,1,0,0,0
0,1,0,0,1,1,0,1,0,1,0,1,0,0,0,1,0,0,0,0,0,1,0,0,0,0,1
0,1,0,0,1,1,0,1,0,1,0,1,0,0,0,0,0,1,0,0,0,1,0,0,1,0,0
0,1,0,0,1,0,1,1,0,1,0,1,0,0,1,0,0,0,0,0,0,1,0,0,0,0,1
0,1,0,0,1,0,0,1,1,1,0,1,0,0,1,0,0,0,0,0,0,1,0,0,1,0,0
0,1,0,0,1,0,1,1,0,1,0,1,0,0,0,0,0,1,0,0,0,1,0,1,0,0,0
0,1,0,0,1,0,0,1,1,1,0,1,0,0,0,1,0,0,0,0,0,1,0,1,0,0,0
0,1,0,0,1,0,0,1,0,1,0,1,0,0,0,0,0,0,0,0,0,1,0,1,1,0,1
0,1,0,0,0,0,1,1,1,1,0,1,0,1,0,0,0,0,0,0,0,1,0,1,0,0,0
0,1,0,0,0,0,1,1,1,1,0,1,0,0,1,0,0,0,0,0,0,1,1,0,0,0,0
0,1,0,1,1,1,0,0,0,1,0,0,0,0,0,1,1,0,0,0,1,0,0,0,0,0,1
0,1,0,1,1,1,0,0,0,1,0,0,0,0,0,1,0,1,0,0,1,0,0,0,0,1,0
0,1,0,1,1,1,0,0,0,1,0,0,0,0,0,0,1,1,0,0,1,0,0,0,1,0,0
0,1,0,1,1,0,0,1,0,1,0,0,0,0,1,1,0,0,0,0,1,0,0,0,0,0,1
0,1,0,1,1,0,0,1,0,1,0,0,0,0,1,0,0,1,0,0,1,0,0,0,1,0,0
0,1,0,1,1,0,0,1,0,1,0,0,0,0,0,1,0,1,0,0,1,0,0,1,0,0,0
0,1,0,0,1,1,0,1,0,1,0,0,1,0,0,0,0,1,0,0,1,0,0,0,1,0,0
0,1,0,0,1,0,1,1,0,1,0,0,1,0,1,0,0,0,0,0,1,0,0,0,0,0,1
0,1,0,0,1,0,0,1,1,1,0,0,1,0,1,0,0,0,0,0,1,0,0,0,1,0,0
0,1,0,0,1,0,1,1,0,1,0,0,1,0,0,0,0,1,0,0,1,0,0,1,0,0,0
0,1,0,0,1,0,0,1,0,1,0,0,1,0,0,0,0,0,0,0,1,0,0,1,1,0,1
0,1,0,0,0,0,1,1,1,1,0,0,1,1,0,0,0,0,0,0,1,0,0,1,0,0,0
0,1,0,0,0,0,1,1,1,1,0,0,1,0,1,0,0,0,0,0,1,0,1,0,0,0,0
0,1,0,0,1,1,0,1,0,1,0,0,0,0,0,1,0,1,0,0,1,1,0,0,0,0,0
0,1,0,0,1,0,1,1,0,1,0,0,0,0,1,0,0,1,0,0,1,1,0,0,0,0,0
0,1,0,0,1,0,0,1,1,1,0,0,0,0,1,1,0,0,0,0,1,1,0,0,0,0,0
0,1,0,0,1,0,0,1,0,1,0,0,0,0,1,0,0,0,0,0,1,1,0,0,1,0,1
0,1,0,0,1,0,0,1,0,1,0,0,0,0,0,1,0,0,0,0,1,1,0,1,0,0,1
0,1,0,0,1,0,0,1,0,1,0,0,0,0,0,0,0,1,0,0,1,1,0,1,1,0,0
0,1,0,0,0,0,1,1,1,1,0,0,0,1,1,0,0,0,0,0,1,1,0,0,0,0,0
0,0,1,1,1,1,1,0,0,1,1,0,0,0,0,0,1,1,0,0,0,0,0,0,0,0,0
0,0,1,1,1,1,0,1,0,1,1,0,0,0,0,1,0,1,0,0,0,0,0,0,0,0,0
0,0,1,1,1,1,0,0,1,1,1,0,0,0,0,1,1,0,0,0,0,0,0,0,0,0,0
0,0,1,1,1,1,0,0,0,1,1,0,0,0,0,1,0,0,0,0,0,0,0,0,0,1,1
0,0,1,1,1,1,0,0,0,1,1,0,0,0,0,0,1,0,0,0,0,0,0,0,1,0,1
0,0,1,1,1,1,0,0,0,1,1,0,0,0,0,0,0,1,0,0,0,0,0,0,1,1,0
0,0,1,1,1,0,1,1,0,1,1,0,0,0,1,0,0,1,0,0,0,0,0,0,0,0,0
0,0,1,1,1,0,1,0,1,1,1,0,0,0,1,0,1,0,0,0,0,0,0,0,0,0,0
0,0,1,1,1,0,1,0,0,1,1,0,0,0,1,0,0,0,0,0,0,0,0,0,0,1,1
0,0,1,1,1,0,1,0,0,1,1,0,0,0,0,0,1,0,0,0,0,0,0,1,0,0,1
0,0,1,1,1,0,1,0,0,1,1,0,0,0,0,0,0,1,0,0,0,0,0,1,0,1,0
0,0,1,1,0,1,0,1,1,1,1,0,0,1,0,1,0,0,0,0,0,0,0,0,0,0,0
0,0,1,1,0,1,0,0,1,1,1,0,0,1,0,0,0,0,0,0,0,0,0,0,1,1,0
0,0,1,1,0,0,1,1,1,1,1,0,0,1,1,0,0,0,0,0,0,0,0,0,0,0,0
0,0,1,1,0,1,0,0,1,1,1,0,0,0,0,1,0,0,0,0,0,0,1,0,0,1,0
0,0,1,1,0,1,0,0,1,1,1,0,0,0,0,0,1,0,0,0,0,0,1,0,1,0,0
0,0,1,0,1,1,1,1,0,1,1,0,1,0,0,0,0,1,0,0,0,0,0,0,0,0,0
0,0,1,0,1,1,1,0,1,1,1,0,1,0,0,0,1,0,0,0,0,0,0,0,0,0,0
0,0,1,0,1,1,1,0,0,1,1,0,1,0,0,0,0,0,0,0,0,0,0,0,0,1,1
0,0,1,0,1,1,0,0,1,1,1,0,1,0,0,0,0,0,0,0,0,0,0,0,1,1,0
0,0,1,0,1,0,1,1,1,1,1,0,1,0,1,0,0,0,0,0,0,0,0,0,0,0,0
0,0,1,0,1,0,1,1,0,1,1,0,1,0,0,0,0,0,0,0,0,0,0,1,0,0,1
0,0,1,0,1,0,1,0,1,1,1,0,1,0,0,0,0,0,0,0,0,0,0,1,0,1,0
0,0,1,0,0,1,1,1,1,1,1,0,1,1,0,0,0,0,0,0,0,0,0,0,0,0,0
0,0,1,0,0,1,1,0,1,1,1,0,1,0,0,0,0,0,0,0,0,0,1,0,0,1,0
0,0,1,0,0,1,0,1,1,1,1,0,1,0,0,0,0,0,0,0,0,0,1,0,1,0,0
0,0,1,0,0,0,1,1,1,1,1,0,1,0,0,0,0,0,0,0,0,0,1,1,0,0,0
0,0,1,0,1,1,1,0,0,1,1,0,0,0,0,0,1,0,0,0,0,1,0,0,0,0,1
0,0,1,0,1,1,1,0,0,1,1,0,0,0,0,0,0,1,0,0,0,1,0,0,0,1,0
0,0,1,0,1,1,0,0,1,1,1,0,0,0,0,1,0,0,0,0,0,1,0,0,0,1,0
0,0,1,0,1,1,0,0,1,1,1,0,0,0,0,0,1,0,0,0,0,1,0,0,1,0,0
0,0,1,0,1,0,1,1,0,1,1,0,0,0,1,0,0,0,0,0,0,1,0,0,0,0,1
0,0,1,0,1,0,1,0,1,1,1,0,0,0,1,0,0,0,0,0,0,1,0,0,0,1,0
0,0,1,0,1,0,1,1,0,1,1,0,0,0,0,0,0,1,0,0,0,1,0,1,0,0,0
0,0,1,0,1,0,1,0,1,1,1,0,0,0,0,0,1,0,0,0,0,1,0,1,0,0,0
0,0,1,0,1,0,1,0,0,1,1,0,0,0,0,0,0,0,0,0,0,1,0,1,0,1,1
0,0,1,0,0,1,1,0,1,1,1,0,0,1,0,0,0,0,0,0,0,1,0,0,0,1,0
0,0,1,0,0,1,0,1,1,1,1,0,0,1,0,0,0,0,0,0,0,1,0,0,1,0,0
0,0,1,0,0,0,1,1,1,1,1,0,0,1,0,0,0,0,0,0,0,1,0,1,0,0,0
0,0,1,0,0,1,1,0,1,1,1,0,0,0,0,0,1,0,0,0,0,1,1,0,0,0,0
0,0,1,0,0,1,0,1,1,1,1,0,0,0,0,1,0,0,0,0,0,1,1,0,0,0,0
0,0,1,0,0,1,0,0,1,1,1,0,0,0,0,0,0,0,0,0,0,1,1,0,1,1,0
0,0,1,0,0,0,1,1,1,1,1,0,0,0,1,0,0,0,0,0,0,1,1,0,0,0,0
0,0,0,1,1,1,1,0,0,1,1,0,0,0,0,0,1,0,0,0,1,0,0,0,0,0,1
0,0,0,1,1,1,1,0,0,1,1,0,0,0,0,0,0,1,0,0,1,0,0,0,0,1,0
0,0,0,1,1,1,0,1,0,1,1,0,0,0,0,1,0,0,0,0,1,0,0,0,0,0,1
0,0,0,1,1,1,0,0,1,1,1,0,0,0,0,1,0,0,0,0,1,0,0,0,0,1,0
0,0,0,1,1,1,0,1,0,1,1,0,0,0,0,0,0,1,0,0,1,0,0,0,1,0,0
0,0,0,1,1,1,0,0,1,1,1,0,0,0,0,0,1,0,0,0,1,0,0,0,1,0,0
0,0,0,1,1,1,0,0,0,1,1,0,0,0,0,0,0,0,0,0,1,0,0,0,1,1,1
0,0,0,1,0,0,1,1,1,1,1,0,0,1,0,0,0,0,0,0,1,0,0,1,0,0,0
0,0,0,1,0,0,1,1,1,1,1,0,0,0,1,0,0,0,0,0,1,0,1,0,0,0,0
0,0,0,0,1,0,1,1,1,1,1,0,1,0,0,0,0,0,0,0,1,0,0,1,0,0,0
0,0,0,0,0,1,1,1,1,1,1,0,1,0,0,0,0,0,0,0,1,0,1,0,0,0,0
0,0,0,0,1,0,1,1,1,1,1,0,0,0,1,0,0,0,0,0,1,1,0,0,0,0,0
0,0,0,0,0,1,1,1,1,1,1,0,0,1,0,0,0,0,0,0,1,1,0,0,0,0,0
0,0,0,0,0,0,1,1,1,1,1,0,0,0,0,0,0,0,0,0,1,1,1,1,0,0,0
0,0,1,1,1,1,0,0,0,1,0,0,0,0,0,1,1,0,0,1,0,0,0,0,0,0,1
0,0,1,1,1,1,0,0,0,1,0,0,0,0,0,1,0,1,0,1,0,0,0,0,0,1,0
0,0,1,1,1,1,0,0,0,1,0,0,0,0,0,0,1,1,0,1,0,0,0,0,1,0,0
0,0,1,1,1,0,1,0,0,1,0,0,0,0,1,0,1,0,0,1,0,0,0,0,0,0,1
0,0,1,1,1,0,1,0,0,1,0,0,0,0,1,0,0,1,0,1,0,0,0,0,0,1,0
0,0,1,1,1,0,1,0,0,1,0,0,0,0,0,0,1,1,0,1,0,0,0,1,0,0,0
0,0,1,1,0,1,0,0,1,1,0,0,0,1,0,1,0,0,0,1,0,0,0,0,0,1,0
0,0,1,1,0,1,0,0,1,1,0,0,0,1,0,0,1,0,0,1,0,0,0,0,1,0,0
0,0,1,1,0,1,0,0,1,1,0,0,0,0,0,1,1,0,0,1,0,0,1,0,0,0,0
0,0,1,0,1,1,1,0,0,1,0,0,1,0,0,0,1,0,0,1,0,0,0,0,0,0,1
0,0,1,0,1,1,1,0,0,1,0,0,1,0,0,0,0,1,0,1,0,0,0,0,0,1,0
0,0,1,0,1,1,0,0,1,1,0,0,1,0,0,0,1,0,0,1,0,0,0,0,1,0,0
0,0,1,0,1,0,1,1,0,1,0,0,1,0,1,0,0,0,0,1,0,0,0,0,0,0,1
0,0,1,0,1,0,1,0,1,1,0,0,1,0,1,0,0,0,0,1,0,0,0,0,0,1,0
0,0,1,0,1,0,1,1,0,1,0,0,1,0,0,0,0,1,0,1,0,0,0,1,0,0,0
0,0,1,0,1,0,1,0,1,1,0,0,1,0,0,0,1,0,0,1,0,0,0,1,0,0,0
0,0,1,0,1,0,1,0,0,1,0,0,1,0,0,0,0,0,0,1,0,0,0,1,0,1,1
0,0,1,0,0,1,1,0,1,1,0,0,1,1,0,0,0,0,0,1,0,0,0,0,0,1,0
0,0,1,0,0,1,0,1,1,1,0,0,1,1,0,0,0,0,0,1,0,0,0,0,1,0,0
0,0,1,0,0,0,1,1,1,1,0,0,1,1,0,0,0,0,0,1,0,0,0,1,0,0,0
0,0,1,0,0,1,1,0,1,1,0,0,1,0,0,0,1,0,0,1,0,0,1,0,0,0,0
0,0,1,0,0,1,0,0,1,1,0,0,1,0,0,0,0,0,0,1,0,0,1,0,1,1,0
0,0,1,0,0,0,1,1,1,1,0,0,1,0,1,0,0,0,0,1,0,0,1,0,0,0,0
0,0,1,0,1,1,1,0,0,1,0,0,0,0,0,0,1,1,0,1,0,1,0,0,0,0,0
0,0,1,0,1,1,0,0,1,1,0,0,0,0,0,1,1,0,0,1,0,1,0,0,0,0,0
0,0,1,0,1,0,1,1,0,1,0,0,0,0,1,0,0,1,0,1,0,1,0,0,0,0,0
0,0,1,0,1,0,1,0,1,1,0,0,0,0,1,0,1,0,0,1,0,1,0,0,0,0,0
0,0,1,0,1,0,1,0,0,1,0,0,0,0,1,0,0,0,0,1,0,1,0,0,0,1,1
0,0,1,0,1,0,1,0,0,1,0,0,0,0,0,0,1,0,0,1,0,1,0,1,0,0,1
0,0,1,0,1,0,1,0,0,1,0,0,0,0,0,0,0,1,0,1,0,1,0,1,0,1,0
0,0,1,0,0,1,1,0,1,1,0,0,0,1,0,0,1,0,0,1,0,1,0,0,0,0,0
0,0,1,0,0,1,0,1,1,1,0,0,0,1,0,1,0,0,0,1,0,1,0,0,0,0,0
0,0,1,0,0,1,0,0,1,1,0,0,0,1,0,0,0,0,0,1,0,1,0,0,1,1,0
0,0,1,0,0,0,1,1,1,1,0,0,0,1,1,0,0,0,0,1,0,1,0,0,0,0,0
0,0,1,0,0,1,0,0,1,1,0,0,0,0,0,1,0,0,0,1,0,1,1,0,0,1,0
0,0,1,0,0,1,0,0,1,1,0,0,0,0,0,0,1,0,0,1,0,1,1,0,1,0,0
0,0,0,1,1,1,1,0,0,1,0,1,0,0,0,0,1,0,0,1,0,0,0,0,0,0,1
0,0,0,1,1,1,1,0,0,1,0,1,0,0,0,0,0,1,0,1,0,0,0,0,0,1,0
0,0,0,1,1,1,0,1,0,1,0,1,0,0,0,1,0,0,0,1,0,0,0,0,0,0,1
0,0,0,1,1,1,0,0,1,1,0,1,0,0,0,1,0,0,0,1,0,0,0,0,0,1,0
0,0,0,1,1,1,0,1,0,1,0,1,0,0,0,0,0,1,0,1,0,0,0,0,1,0,0
0,0,0,1,1,1,0,0,1,1,0,1,0,0,0,0,1,0,0,1,0,0,0,0,1,0,0
0,0,0,1,1,1,0,0,0,1,0,1,0,0,0,0,0,0,0,1,0,0,0,0,1,1,1
0,0,0,1,0,0,1,1,1,1,0,1,0,1,0,0,0,0,0,1,0,0,0,1,0,0,0
0,0,0,1,0,0,1,1,1,1,0,1,0,0,1,0,0,0,0,1,0,0,1,0,0,0,0
0,0,0,0,1,0,1,1,1,1,0,1,1,0,0,0,0,0,0,1,0,0,0,1,0,0,0
0,0,0,0,0,1,1,1,1,1,0,1,1,0,0,0,0,0,0,1,0,0,1,0,0,0,0
0,0,0,0,1,0,1,1,1,1,0,1,0,0,1,0,0,0,0,1,0,1,0,0,0,0,0
0,0,0,0,0,1,1,1,1,1,0,1,0,1,0,0,0,0,0,1,0,1,0,0,0,0,0
0,0,0,0,0,0,1,1,1,1,0,1,0,0,0,0,0,0,0,1,0,1,1,1,0,0,0
0,0,0,1,1,1,1,0,0,1,0,0,0,0,0,0,1,1,0,1,1,0,0,0,0,0,0
0,0,0,1,1,1,0,1,0,1,0,0,0,0,0,1,0,1,0,1,1,0,0,0,0,0,0
0,0,0,1,1,1,0,0,1,1,0,0,0,0,0,1,1,0,0,1,1,0,0,0,0,0,0
0,0,0,1,1,1,0,0,0,1,0,0,0,0,0,1,0,0,0,1,1,0,0,0,0,1,1
0,0,0,1,1,1,0,0,0,1,0,0,0,0,0,0,1,0,0,1,1,0,0,0,1,0,1
0,0,0,1,1,1,0,0,0,1,0,0,0,0,0,0,0,1,0,1,1,0,0,0,1,1,0
0,0,0,1,0,0,1,1,1,1,0,0,0,1,1,0,0,0,0,1,1,0,0,0,0,0,0
0,0,0,0,1,0,1,1,1,1,0,0,1,0,1,0,0,0,0,1,1,0,0,0,0,0,0
0,0,0,0,0,1,1,1,1,1,0,0,1,1,0,0,0,0,0,1,1,0,0,0,0,0,0
0,0,0,0,0,0,1,1,1,1,0,0,1,0,0,0,0,0,0,1,1,0,1,1,0,0,0
0,0,0,0,0,0,1,1,1,1,0,0,0,1,0,0,0,0,0,1,1,1,0,1,0,0,0
0,0,0,0,0,0,1,1,1,1,0,0,0,0,1,0,0,0,0,1,1,1,1,0,0,0,0
0,1,1,0,1,0,1,0,0,0,0,0,1,0,1,0,1,0,1,0,0,0,0,0,0,0,1
0,1,1,0,1,0,1,0,0,0,0,0,1,0,1,0,0,1,1,0,0,0,0,0,0,1,0
0,1,1,0,1,0,0,1,0,0,0,0,1,0,1,1,0,0,1,0,0,0,0,0,0,0,1
0,1,1,0,1,0,0,1,0,0,0,0,1,0,1,0,0,1,1,0,0,0,0,0,1,0,0
0,1,1,0,1,0,1,0,0,0,0,0,1,0,0,0,1,1,1,0,0,0,0,1,0,0,0
0,1,1,0,1,0,0,1,0,0,0,0,1,0,0,1,0,1,1,0,0,0,0,1,0,0,0
0,1,1,0,0,1,0,0,1,0,0,0,1,1,0,1,0,0,1,0,0,0,0,0,0,1,0
0,1,1,0,0,1,0,0,1,0,0,0,1,1,0,0,1,0,1,0,0,0,0,0,1,0,0
0,1,1,0,0,1,0,0,1,0,0,0,1,0,0,1,1,0,1,0,0,0,1,0,0,0,0
0,1,1,0,1,0,1,0,0,0,0,0,0,0,1,0,1,1,1,0,0,1,0,0,0,0,0
0,1,1,0,1,0,0,1,0,0,0,0,0,0,1,1,0,1,1,0,0,1,0,0,0,0,0
0,1,1,0,0,1,0,0,1,0,0,0,0,1,0,1,1,0,1,0,0,1,0,0,0,0,0
0,1,0,1,1,1,0,0,0,0,0,1,0,0,0,1,1,0,1,0,0,0,0,0,0,0,1
0,1,0,1,1,1,0,0,0,0,0,1,0,0,0,1,0,1,1,0,0,0,0,0,0,1,0
0,1,0,1,1,1,0,0,0,0,0,1,0,0,0,0,1,1,1,0,0,0,0,0,1,0,0
0,1,0,1,1,0,0,1,0,0,0,1,0,0,1,1,0,0,1,0,0,0,0,0,0,0,1
0,1,0,1,1,0,0,1,0,0,0,1,0,0,0,1,0,1,1,0,0,0,0,1,0,0,0
0,1,0,0,1,1,0,1,0,0,0,1,1,0,0,1,0,0,1,0,0,0,0,0,0,0,1
0,1,0,0,1,1,0,1,0,0,0,1,1,0,0,0,0,1,1,0,0,0,0,0,1,0,0
0,1,0,0,1,0,1,1,0,0,0,1,1,0,1,0,0,0,1,0,0,0,0,0,0,0,1
0,1,0,0,1,0,0,1,1,0,0,1,1,0,1,0,0,0,1,0,0,0,0,0,1,0,0
0,1,0,0,1,0,1,1,0,0,0,1,1,0,0,0,0,1,1,0,0,0,0,1,0,0,0
0,1,0,0,1,0,0,1,1,0,0,1,1,0,0,1,0,0,1,0,0,0,0,1,0,0,0
0,1,0,0,1,0,0,1,0,0,0,1,1,0,0,0,0,0,1,0,0,0,0,1,1,0,1
0,1,0,0,0,0,1,1,1,0,0,1,1,1,0,0,0,0,1,0,0,0,0,1,0,0,0
0,1,0,0,0,0,1,1,1,0,0,1,1,0,1,0,0,0,1,0,0,0,1,0,0,0,0
0,1,0,0,1,1,0,1,0,0,0,1,0,0,0,1,0,1,1,0,0,1,0,0,0,0,0
0,1,0,0,1,0,0,1,1,0,0,1,0,0,1,1,0,0,1,0,0,1,0,0,0,0,0
0,1,0,0,1,0,0,1,0,0,0,1,0,0,1,0,0,0,1,0,0,1,0,0,1,0,1
0,1,0,0,1,0,0,1,0,0,0,1,0,0,0,1,0,0,1,0,0,1,0,1,0,0,1
0,1,0,0,1,0,0,1,0,0,0,1,0,0,0,0,0,1,1,0,0,1,0,1,1,0,0
0,1,0,0,0,0,1,1,1,0,0,1,0,1,1,0,0,0,1,0,0,1,0,0,0,0,0
0,1,0,1,1,0,0,1,0,0,0,0,0,0,1,1,0,1,1,0,1,0,0,0,0,0,0
0,1,0,0,1,1,0,1,0,0,0,0,1,0,0,1,0,1,1,0,1,0,0,0,0,0,0
0,1,0,0,1,0,1,1,0,0,0,0,1,0,1,0,0,1,1,0,1,0,0,0,0,0,0
0,1,0,0,1,0,0,1,1,0,0,0,1,0,1,1,0,0,1,0,1,0,0,0,0,0,0
0,1,0,0,1,0,0,1,0,0,0,0,1,0,1,0,0,0,1,0,1,0,0,0,1,0,1
0,1,0,0,1,0,0,1,0,0,0,0,1,0,0,1,0,0,1,0,1,0,0,1,0,0,1
0,1,0,0,1,0,0,1,0,0,0,0,1,0,0,0,0,1,1,0,1,0,0,1,1,0,0
0,1,0,0,1,0,0,1,0,0,0,0,0,0,1,1,0,0,1,0,1,1,0,0,0,0,1
0,1,0,0,1,0,0,1,0,0,0,0,0,0,1,0,0,1,1,0,1,1,0,0,1,0,0
0,1,0,0,1,0,0,1,0,0,0,0,0,0,0,1,0,1,1,0,1,1,0,1,0,0,0
0,0,1,1,1,1,0,0,0,0,1,0,0,0,0,1,1,0,1,0,0,0,0,0,0,0,1
0,0,1,1,1,1,0,0,0,0,1,0,0,0,0,1,0,1,1,0,0,0,0,0,0,1,0
0,0,1,1,1,1,0,0,0,0,1,0,0,0,0,0,1,1,1,0,0,0,0,0,1,0,0
0,0,1,1,1,0,1,0,0,0,1,0,0,0,1,0,1,0,1,0,0,0,0,0,0,0,1
0,0,1,1,1,0,1,0,0,0,1,0,0,0,1,0,0,1,1,0,0,0,0,0,0,1,0
0,0,1,1,1,0,1,0,0,0,1,0,0,0,0,0,1,1,1,0,0,0,0,1,0,0,0
0,0,1,1,0,1,0,0,1,0,1,0,0,1,0,1,0,0,1,0,0,0,0,0,0,1,0
0,0,1,1,0,1,0,0,1,0,1,0,0,0,0,1,1,0,1,0,0,0,1,0,0,0,0
0,0,1,0,1,1,1,0,0,0,1,0,1,0,0,0,1,0,1,0,0,0,0,0,0,0,1
0,0,1,0,1,1,1,0,0,0,1,0,1,0,0,0,0,1,1,0,0,0,0,0,0,1,0
0,0,1,0,1,1,0,0,1,0,1,0,1,0,0,1,0,0,1,0,0,0,0,0,0,1,0
0,0,1,0,1,1,0,0,1,0,1,0,1,0,0,0,1,0,1,0,0,0,0,0,1,0,0
0,0,1,0,1,0,1,1,0,0,1,0,1,0,1,0,0,0,1,0,0,0,0,0,0,0,1
0,0,1,0,1,0,1,0,1,0,1,0,1,0,1,0,0,0,1,0,0,0,0,0,0,1,0
0,0,1,0,1,0,1,1,0,0,1,0,1,0,0,0,0,1,1,0,0,0,0,1,0,0,0
0,0,1,0,1,0,1,0,1,0,1,0,1,0,0,0,1,0,1,0,0,0,0,1,0,0,0
0,0,1,0,1,0,1,0,0,0,1,0,1,0,0,0,0,0,1,0,0,0,0,1,0,1,1
0,0,1,0,0,1,1,0,1,0,1,0,1,1,0,0,0,0,1,0,0,0,0,0,0,1,0
0,0,1,0,0,1,0,1,1,0,1,0,1,1,0,0,0,0,1,0,0,0,0,0,1,0,0
0,0,1,0,0,0,1,1,1,0,1,0,1,1,0,0,0,0,1,0,0,0,0,1,0,0,0
0,0,1,0,0,1,1,0,1,0,1,0,1,0,0,0,1,0,1,0,0,0,1,0,0,0,0
0,0,1,0,0,1,0,1,1,0,1,0,1,0,0,1,0,0,1,0,0,0,1,0,0,0,0
0,0,1,0,0,1,0,0,1,0,1,0,1,0,0,0,0,0,1,0,0,0,1,0,1,1,0
0,0,1,0,0,0,1,1,1,0,1,0,1,0,1,0,0,0,1,0,0,0,1,0,0,0,0
0,0,1,0,1,1,1,0,0,0,1,0,0,0,0,0,1,1,1,0,0,1,0,0,0,0,0
0,0,1,0,1,1,0,0,1,0,1,0,0,0,0,1,1,0,1,0,0,1,0,0,0,0,0
0,0,1,0,1,0,1,1,0,0,1,0,0,0,1,0,0,1,1,0,0,1,0,0,0,0,0
0,0,1,0,1,0,1,0,1,0,1,0,0,0,1,0,1,0,1,0,0,1,0,0,0,0,0
0,0,1,0,1,0,1,0,0,0,1,0,0,0,1,0,0,0,1,0,0,1,0,0,0,1,1
0,0,1,0,1,0,1,0,0,0,1,0,0,0,0,0,1,0,1,0,0,1,0,1,0,0,1
0,0,1,0,1,0,1,0,0,0,1,0,0,0,0,0,0,1,1,0,0,1,0,1,0,1,0
0,0,1,0,0,1,0,1,1,0,1,0,0,1,0,1,0,0,1,0,0,1,0,0,0,0,0
0,0,1,0,0,1,0,0,1,0,1,0,0,1,0,0,0,0,1,0,0,1,0,0,1,1,0
0,0,1,0,0,0,1,1,1,0,1,0,0,1,1,0,0,0,1,0,0,1,0,0,0,0,0
0,0,1,0,0,1,0,0,1,0,1,0,0,0,0,1,0,0,1,0,0,1,1,0,0,1,0
0,0,1,0,0,1,0,0,1,0,1,0,0,0,0,0,1,0,1,0,0,1,1,0,1,0,0
0,0,0,1,1,1,1,0,0,0,1,1,0,0,0,0,1,0,1,0,0,0,0,0,0,0,1
0,0,0,1,1,1,1,0,0,0,1,1,0,0,0,0,0,1,1,0,0,0,0,0,0,1,0
0,0,0,1,1,1,0,1,0,0,1,1,0,0,0,1,0,0,1,0,0,0,0,0,0,0,1
0,0,0,1,1,1,0,0,1,0,1,1,0,0,0,1,0,0,1,0,0,0,0,0,0,1,0
0,0,0,1,1,1,0,1,0,0,1,1,0,0,0,0,0,1,1,0,0,0,0,0,1,0,0
0,0,0,1,1,1,0,0,1,0,1,1,0,0,0,0,1,0,1,0,0,0,0,0,1,0,0
0,0,0,1,1,1,0,0,0,0,1,1,0,0,0,0,0,0,1,0,0,0,0,0,1,1,1
0,0,0,1,0,0,1,1,1,0,1,1,0,1,0,0,0,0,1,0,0,0,0,1,0,0,0
0,0,0,1,0,0,1,1,1,0,1,1,0,0,1,0,0,0,1,0,0,0,1,0,0,0,0
0,0,0,0,1,0,1,1,1,0,1,1,1,0,0,0,0,0,1,0,0,0,0,1,0,0,0
0,0,0,0,0,1,1,1,1,0,1,1,1,0,0,0,0,0,1,0,0,0,1,0,0,0,0
0,0,0,0,1,0,1,1,1,0,1,1,0,0,1,0,0,0,1,0,0,1,0,0,0,0,0
0,0,0,0,0,1,1,1,1,0,1,1,0,1,0,0,0,0,1,0,0,1,0,0,0,0,0
0,0,0,0,0,0,1,1,1,0,1,1,0,0,0,0,0,0,1,0,0,1,1,1,0,0,0
0,0,0,1,1,1,1,0,0,0,1,0,0,0,0,0,1,1,1,0,1,0,0,0,0,0,0
0,0,0,1,1,1,0,1,0,0,1,0,0,0,0,1,0,1,1,0,1,0,0,0,0,0,0
0,0,0,1,1,1,0,0,1,0,1,0,0,0,0,1,1,0,1,0,1,0,0,0,0,0,0
0,0,0,1,1,1,0,0,0,0,1,0,0,0,0,1,0,0,1,0,1,0,0,0,0,1,1
0,0,0,1,1,1,0,0,0,0,1,0,0,0,0,0,1,0,1,0,1,0,0,0,1,0,1
0,0,0,1,1,1,0,0,0,0,1,0,0,0,0,0,0,1,1,0,1,0,0,0,1,1,0
0,0,0,1,0,0,1,1,1,0,1,0,0,1,1,0,0,0,1,0,1,0,0,0,0,0,0
0,0,0,0,1,0,1,1,1,0,1,0,1,0,1,0,0,0,1,0,1,0,0,0,0,0,0
0,0,0,0,0,1,1,1,1,0,1,0,1,1,0,0,0,0,1,0,1,0,0,0,0,0,0
0,0,0,0,0,0,1,1,1,0,1,0,1,0,0,0,0,0,1,0,1,0,1,1,0,0,0
0,0,0,0,0,0,1,1,1,0,1,0,0,1,0,0,0,0,1,0,1,1,0,1,0,0,0
0,0,0,0,0,0,1,1,1,0,1,0,0,0,1,0,0,0,1,0,1,1,1,0,0,0,0
0,0,1,1,1,0,1,0,0,0,0,0,0,0,1,0,1,1,1,1,0,0,0,0,0,0,0
0,0,1,1,0,1,0,0,1,0,0,0,0,1,0,1,1,0,1,1,0,0,0,0,0,0,0
0,0,1,0,1,1,1,0,0,0,0,0,1,0,0,0,1,1,1,1,0,0,0,0,0,0,0
0,0,1,0,1,1,0,0,1,0,0,0,1,0,0,1,1,0,1,1,0,0,0,0,0,0,0
0,0,1,0,1,0,1,1,0,0,0,0,1,0,1,0,0,1,1,1,0,0,0,0,0,0,0
0,0,1,0,1,0,1,0,1,0,0,0,1,0,1,0,1,0,1,1,0,0,0,0,0,0,0
0,0,1,0,1,0,1,0,0,0,0,0,1,0,1,0,0,0,1,1,0,0,0,0,0,1,1
0,0,1,0,1,0,1,0,0,0,0,0,1,0,0,0,1,0,1,1,0,0,0,1,0,0,1
0,0,1,0,1,0,1,0,0,0,0,0,1,0,0,0,0,1,1,1,0,0,0,1,0,1,0
0,0,1,0,0,1,1,0,1,0,0,0,1,1,0,0,1,0,1,1,0,0,0,0,0,0,0
0,0,1,0,0,1,0,1,1,0,0,0,1,1,0,1,0,0,1,1,0,0,0,0,0,0,0
0,0,1,0,0,1,0,0,1,0,0,0,1,1,0,0,0,0,1,1,0,0,0,0,1,1,0
0,0,1,0,0,1,0,0,1,0,0,0,1,0,0,1,0,0,1,1,0,0,1,0,0,1,0
0,0,1,0,0,1,0,0,1,0,0,0,1,0,0,0,1,0,1,1,0,0,1,0,1,0,0
0,0,1,0,1,0,1,0,0,0,0,0,0,0,1,0,1,0,1,1,0,1,0,0,0,0,1
0,0,1,0,1,0,1,0,0,0,0,0,0,0,1,0,0,1,1,1,0,1,0,0,0,1,0
0,0,1,0,1,0,1,0,0,0,0,0,0,0,0,0,1,1,1,1,0,1,0,1,0,0,0
0,0,1,0,0,1,0,0,1,0,0,0,0,1,0,1,0,0,1,1,0,1,0,0,0,1,0
0,0,1,0,0,1,0,0,1,0,0,0,0,1,0,0,1,0,1,1,0,1,0,0,1,0,0
0,0,1,0,0,1,0,0,1,0,0,0,0,0,0,1,1,0,1,1,0,1,1,0,0,0,0
0,0,0,1,1,1,1,0,0,0,0,1,0,0,0,0,1,1,1,1,0,0,0,0,0,0,0
0,0,0,1,1,1,0,1,0,0,0,1,0,0,0,1,0,1,1,1,0,0,0,0,0,0,0
0,0,0,1,1,1,0,0,1,0,0,1,0,0,0,1,1,0,1,1,0,0,0,0,0,0,0
0,0,0,1,1,1,0,0,0,0,0,1,0,0,0,1,0,0,1,1,0,0,0,0,0,1,1
0,0,0,1,1,1,0,0,0,0,0,1,0,0,0,0,1,0,1,1,0,0,0,0,1,0,1
0,0,0,1,1,1,0,0,0,0,0,1,0,0,0,0,0,1,1,1,0,0,0,0,1,1,0
0,0,0,1,0,0,1,1,1,0,0,1,0,1,1,0,0,0,1,1,0,0,0,0,0,0,0
0,0,0,0,1,0,1,1,1,0,0,1,1,0,1,0,0,0,1,1,0,0,0,0,0,0,0
0,0,0,0,0,1,1,1,1,0,0,1,1,1,0,0,0,0,1,1,0,0,0,0,0,0,0
0,0,0,0,0,0,1,1,1,0,0,1,1,0,0,0,0,0,1,1,0,0,1,1,0,0,0
0,0,0,0,0,0,1,1,1,0,0,1,0,1,0,0,0,0,1,1,0,1,0,1,0,0,0
0,0,0,0,0,0,1,1,1,0,0,1,0,0,1,0,0,0,1,1,0,1,1,0,0,0,0
0,0,0,1,1,1,0,0,0,0,0,0,0,0,0,1,1,0,1,1,1,0,0,0,0,0,1
0,0,0,1,1,1,0,0,0,0,0,0,0,0,0,1,0,1,1,1,1,0,0,0,0,1,0
0,0,0,1,1,1,0,0,0,0,0,0,0,0,0,0,1,1,1,1,1,0,0,0,1,0,0
0,0,0,0,0,0,1,1,1,0,0,0,1,1,0,0,0,0,1,1,1,0,0,1,0,0,0
0,0,0,0,0,0,1,1,1,0,0,0,1,0,1,0,0,0,1,1,1,0,1,0,0,0,0
0,0,0,0,0,0,1,1,1,0,0,0,0,1,1,0,0,0,1,1,1,1,0,0,0,0,0
1,1,0,1,1,0,0,0,0,0,0,1,0,0,1,1,0,1,0,0,0,0,0,0,0,1,0
1,1,0,1,1,0,0,0,0,0,0,1,0,0,1,0,1,1,0,0,0,0,0,0,1,0,0
1,1,0,1,1,0,0,0,0,0,0,1,0,0,0,1,1,1,0,0,0,0,0,1,0,0,0
1,1,0,1,0,1,0,0,0,0,0,1,0,1,0,1,1,0,0,0,0,0,0,0,0,0,1
1,1,0,1,0,1,0,0,0,0,0,1,0,1,0,1,0,1,0,0,0,0,0,0,0,1,0
1,1,0,1,0,0,0,1,0,0,0,1,0,1,1,1,0,0,0,0,0,0,0,0,0,0,1
1,1,0,1,0,0,0,0,1,0,0,1,0,1,1,1,0,0,0,0,0,0,0,0,0,1,0
1,1,0,1,0,0,0,1,0,0,0,1,0,1,1,0,0,1,0,0,0,0,0,0,1,0,0
1,1,0,1,0,0,0,1,0,0,0,1,0,1,0,1,0,1,0,0,0,0,0,1,0,0,0
1,1,0,1,0,0,0,0,1,0,0,1,0,1,0,1,1,0,0,0,0,0,0,1,0,0,0
1,1,0,1,0,0,0,0,0,0,0,1,0,1,0,1,0,0,0,0,0,0,0,1,0,1,1
1,1,0,1,0,1,0,0,0,0,0,1,0,0,0,1,1,1,0,0,0,0,1,0,0,0,0
1,1,0,1,0,0,0,1,0,0,0,1,0,0,1,1,0,1,0,0,0,0,1,0,0,0,0
1,1,0,1,0,0,0,0,0,0,0,1,0,0,1,0,0,1,0,0,0,0,1,0,1,1,0
1,1,0,0,1,0,1,0,0,0,0,1,1,0,1,0,0,1,0,0,0,0,0,0,0,1,0
1,1,0,0,0,1,0,1,0,0,0,1,1,1,0,1,0,0,0,0,0,0,0,0,0,0,1
1,1,0,0,0,1,0,0,1,0,0,1,1,1,0,1,0,0,0,0,0,0,0,0,0,1,0
1,1,0,0,0,0,1,1,0,0,0,1,1,1,1,0,0,0,0,0,0,0,0,0,0,0,1
1,1,0,0,0,0,1,0,1,0,0,1,1,1,1,0,0,0,0,0,0,0,0,0,0,1,0
1,1,0,0,0,0,0,1,1,0,0,1,1,1,1,0,0,0,0,0,0,0,0,0,1,0,0
1,1,0,0,0,0,0,1,1,0,0,1,1,1,0,1,0,0,0,0,0,0,0,1,0,0,0
1,1,0,0,0,0,1,1,0,0,0,1,1,0,1,0,0,1,0,0,0,0,1,0,0,0,0
1,1,0,0,1,1,0,0,0,0,0,1,0,0,0,1,1,1,0,0,0,1,0,0,0,0,0
1,1,0,0,1,0,1,0,0,0,0,1,0,0,1,0,1,1,0,0,0,1,0,0,0,0,0
1,1,0,0,1,0,0,0,0,0,0,1,0,0,1,0,0,1,0,0,0,1,0,0,1,1,0
1,1,0,0,0,1,0,1,0,0,0,1,0,1,0,1,0,1,0,0,0,1,0,0,0,0,0
1,1,0,0,0,1,0,0,1,0,0,1,0,1,0,1,1,0,0,0,0,1,0,0,0,0,0
1,1,0,0,0,1,0,0,0,0,0,1,0,1,0,1,0,0,0,0,0,1,0,0,0,1,1
1,1,0,0,0,0,1,1,0,0,0,1,0,1,1,0,0,1,0,0,0,1,0,0,0,0,0
1,1,0,0,0,0,0,1,1,0,0,1,0,1,1,1,0,0,0,0,0,1,0,0,0,0,0
1,1,0,0,0,0,0,1,0,0,0,1,0,1,0,1,0,0,0,0,0,1,0,1,0,0,1
1,1,0,0,0,0,0,0,1,0,0,1,0,1,0,1,0,0,0,0,0,1,0,1,0,1,0
1,1,0,0,0,0,1,0,0,0,0,1,0,0,1,0,0,1,0,0,0,1,1,0,0,1,0
1,1,0,0,0,0,0,1,0,0,0,1,0,0,1,0,0,1,0,0,0,1,1,0,1,0,0
1,1,0,1,1,0,0,0,0,0,0,0,0,0,1,1,1,1,0,0,1,0,0,0,0,0,0
1,1,0,1,0,1,0,0,0,0,0,0,0,1,0,1,1,1,0,0,1,0,0,0,0,0,0
1,1,0,1,0,0,0,0,0,0,0,0,0,0,0,1,1,1,0,0,1,0,1,1,0,0,0
1,1,0,0,1,1,0,0,0,0,0,0,1,0,0,1,1,1,0,0,1,0,0,0,0,0,0
1,1,0,0,0,0,1,1,0,0,0,0,1,1,1,0,0,1,0,0,1,0,0,0,0,0,0
1,1,0,0,0,0,1,0,1,0,0,0,1,1,1,0,1,0,0,0,1,0,0,0,0,0,0
1,1,0,0,0,0,1,0,0,0,0,0,1,1,1,0,0,0,0,0,1,0,0,0,0,1,1
1,1,0,0,0,0,0,1,1,0,0,0,1,1,1,1,0,0,0,0,1,0,0,0,0,0,0
1,1,0,0,0,0,0,1,0,0,0,0,1,1,1,0,0,0,0,0,1,0,0,0,1,0,1
1,1,0,0,0,0,0,0,1,0,0,0,1,1,1,0,0,0,0,0,1,0,0,0,1,1,0
1,1,0,0,1,0,0,0,0,0,0,0,0,0,0,1,1,1,0,0,1,1,0,1,0,0,0
1,1,0,0,0,1,0,0,0,0,0,0,0,0,0,1,1,1,0,0,1,1,1,0,0,0,0
1,0,1,1,1,0,0,0,0,0,1,0,0,0,0,1,1,1,0,0,0,0,0,1,0,0,0
1,0,1,1,0,1,0,0,0,0,1,0,0,1,0,1,1,0,0,0,0,0,0,0,0,0,1
1,0,1,1,0,1,0,0,0,0,1,0,0,1,0,0,1,1,0,0,0,0,0,0,1,0,0
1,0,1,1,0,0,0,0,1,0,1,0,0,1,1,0,1,0,0,0,0,0,0,0,1,0,0
1,0,1,1,0,0,0,0,1,0,1,0,0,1,0,1,1,0,0,0,0,0,0,1,0,0,0
1,0,1,1,0,0,0,0,0,0,1,0,0,1,0,0,1,0,0,0,0,0,0,1,1,0,1
1,0,1,1,0,1,0,0,0,0,1,0,0,0,0,1,1,1,0,0,0,0,1,0,0,0,0
1,0,1,0,0,1,1,0,0,0,1,0,1,1,0,0,1,0,0,0,0,0,0,0,0,0,1
1,0,1,0,0,0,1,1,0,0,1,0,1,1,1,0,0,0,0,0,0,0,0,0,0,0,1
1,0,1,0,0,0,1,0,1,0,1,0,1,1,1,0,0,0,0,0,0,0,0,0,0,1,0
1,0,1,0,0,0,0,1,1,0,1,0,1,1,1,0,0,0,0,0,0,0,0,0,1,0,0
1,0,1,0,0,0,1,0,1,0,1,0,1,1,0,0,1,0,0,0,0,0,0,1,0,0,0
1,0,1,0,1,1,0,0,0,0,1,0,0,0,0,1,1,1,0,0,0,1,0,0,0,0,0
1,0,1,0,0,1,1,0,0,0,1,0,0,1,0,0,1,1,0,0,0,1,0,0,0,0,0
1,0,1,0,0,1,0,0,0,0,1,0,0,1,0,0,1,0,0,0,0,1,0,0,1,0,1
1,0,1,0,0,0,1,0,1,0,1,0,0,1,1,0,1,0,0,0,0,1,0,0,0,0,0
1,0,1,0,0,0,1,0,0,0,1,0,0,1,0,0,1,0,0,0,0,1,0,1,0,0,1
1,0,1,0,0,0,0,0,1,0,1,0,0,1,0,0,1,0,0,0,0,1,0,1,1,0,0
1,0,0,1,1,0,0,1,0,0,1,1,0,0,1,0,0,1,0,0,0,0,0,0,1,0,0
1,0,0,1,0,1,0,1,0,0,1,1,0,1,0,1,0,0,0,0,0,0,0,0,0,0,1
1,0,0,1,0,1,0,0,1,0,1,1,0,1,0,1,0,0,0,0,0,0,0,0,0,1,0
1,0,0,1,0,1,0,0,1,0,1,1,0,1,0,0,1,0,0,0,0,0,0,0,1,0,0
1,0,0,1,0,0,0,1,1,0,1,1,0,1,0,1,0,0,0,0,0,0,0,1,0,0,0
1,0,0,0,1,0,1,1,0,0,1,1,0,0,1,0,0,1,0,0,0,1,0,0,0,0,0
1,0,0,0,0,1,1,0,1,0,1,1,0,1,0,0,1,0,0,0,0,1,0,0,0,0,0
1,0,0,0,0,1,0,1,1,0,1,1,0,1,0,1,0,0,0,0,0,1,0,0,0,0,0
1,0,0,1,0,1,0,0,1,0,1,0,0,1,0,1,1,0,0,0,1,0,0,0,0,0,0
1,0,0,1,0,1,0,0,0,0,1,0,0,1,0,0,1,0,0,0,1,0,0,0,1,0,1
1,0,0,1,0,0,0,0,1,0,1,0,0,1,0,0,1,0,0,0,1,0,0,1,1,0,0
1,0,0,0,0,1,1,0,1,0,1,0,1,1,0,0,1,0,0,0,1,0,0,0,0,0,0
1,0,0,0,0,1,1,0,0,0,1,0,0,1,0,0,1,0,0,0,1,1,0,0,0,0,1
1,0,0,0,0,1,0,0,1,0,1,0,0,1,0,0,1,0,0,0,1,1,0,0,1,0,0
1,0,0,0,0,0,1,0,1,0,1,0,0,1,0,0,1,0,0,0,1,1,0,1,0,0,0
1,0,1,1,1,0,0,0,0,0,0,0,0,0,1,1,1,1,0,1,0,0,0,0,0,0,0
1,0,1,1,0,1,0,0,0,0,0,0,0,1,0,1,1,1,0,1,0,0,0,0,0,0,0
1,0,1,1,0,0,0,0,0,0,0,0,0,0,0,1,1,1,0,1,0,0,1,1,0,0,0
1,0,1,0,1,1,0,0,0,0,0,0,1,0,0,1,1,1,0,1,0,0,0,0,0,0,0
1,0,1,0,0,0,1,1,0,0,0,0,1,1,1,0,0,1,0,1,0,0,0,0,0,0,0
1,0,1,0,0,0,1,0,1,0,0,0,1,1,1,0,1,0,0,1,0,0,0,0,0,0,0
1,0,1,0,0,0,1,0,0,0,0,0,1,1,1,0,0,0,0,1,0,0,0,0,0,1,1
1,0,1,0,0,0,0,1,1,0,0,0,1,1,1,1,0,0,0,1,0,0,0,0,0,0,0
1,0,1,0,0,0,0,1,0,0,0,0,1,1,1,0,0,0,0,1,0,0,0,0,1,0,1
1,0,1,0,0,0,0,0,1,0,0,0,1,1,1,0,0,0,0,1,0,0,0,0,1,1,0
1,0,1,0,1,0,0,0,0,0,0,0,0,0,0,1,1,1,0,1,0,1,0,1,0,0,0
1,0,1,0,0,1,0,0,0,0,0,0,0,0,0,1,1,1,0,1,0,1,1,0,0,0,0
1,0,0,1,1,0,0,1,0,0,0,1,0,0,1,1,0,1,0,1,0,0,0,0,0,0,0
1,0,0,1,1,0,0,0,0,0,0,1,0,0,1,0,0,1,0,1,0,0,0,0,1,1,0
1,0,0,1,0,1,0,1,0,0,0,1,0,1,0,1,0,1,0,1,0,0,0,0,0,0,0
1,0,0,1,0,1,0,0,1,0,0,1,0,1,0,1,1,0,0,1,0,0,0,0,0,0,0
1,0,0,1,0,1,0,0,0,0,0,1,0,1,0,1,0,0,0,1,0,0,0,0,0,1,1
1,0,0,1,0,0,0,1,1,0,0,1,0,1,1,1,0,0,0,1,0,0,0,0,0,0,0
1,0,0,1,0,0,0,1,0,0,0,1,0,1,0,1,0,0,0,1,0,0,0,1,0,0,1
1,0,0,1,0,0,0,0,1,0,0,1,0,1,0,1,0,0,0,1,0,0,0,1,0,1,0
1,0,0,1,0,0,0,1,0,0,0,1,0,0,1,0,0,1,0,1,0,0,1,0,1,0,0
1,0,0,0,1,0,1,1,0,0,0,1,1,0,1,0,0,1,0,1,0,0,0,0,0,0,0
1,0,0,0,0,1,0,1,1,0,0,1,1,1,0,1,0,0,0,1,0,0,0,0,0,0,0
1,0,0,0,1,0,1,0,0,0,0,1,0,0,1,0,0,1,0,1,0,1,0,0,0,1,0
1,0,0,0,1,0,0,1,0,0,0,1,0,0,1,0,0,1,0,1,0,1,0,0,1,0,0
1,0,0,0,0,1,0,1,0,0,0,1,0,1,0,1,0,0,0,1,0,1,0,0,0,0,1
1,0,0,0,0,1,0,0,1,0,0,1,0,1,0,1,0,0,0,1,0,1,0,0,0,1,0
1,0,0,0,0,0,0,1,1,0,0,1,0,1,0,1,0,0,0,1,0,1,0,1,0,0,0
1,0,0,0,0,0,1,1,0,0,0,1,0,0,1,0,0,1,0,1,0,1,1,0,0,0,0
1,0,0,1,1,0,0,0,0,0,0,0,0,0,0,1,1,1,0,1,1,0,0,1,0,0,0
1,0,0,1,0,1,0,0,0,0,0,0,0,0,0,1,1,1,0,1,1,0,1,0,0,0,0
1,0,0,0,0,0,1,1,0,0,0,0,1,1,1,0,0,0,0,1,1,0,0,0,0,0,1
1,0,0,0,0,0,1,0,1,0,0,0,1,1,1,0,0,0,0,1,1,0,0,0,0,1,0
1,0,0,0,0,0,0,1,1,0,0,0,1,1,1,0,0,0,0,1,1,0,0,0,1,0,0
1,0,0,0,1,1,0,0,0,0,0,0,0,0,0,1,1,1,0,1,1,1,0,0,0,0,0
0,1,1,1,1,0,0,0,0,1,0,0,0,0,0,1,1,1,0,0,0,0,0,1,0,0,0
0,1,1,1,0,1,0,0,0,1,0,0,0,1,0,1,0,1,0,0,0,0,0,0,0,1,0
0,1,1,1,0,1,0,0,0,1,0,0,0,1,0,0,1,1,0,0,0,0,0,0,1,0,0
0,1,1,1,0,0,1,0,0,1,0,0,0,1,1,0,0,1,0,0,0,0,0,0,0,1,0
0,1,1,1,0,0,0,1,0,1,0,0,0,1,1,0,0,1,0,0,0,0,0,0,1,0,0
0,1,1,1,0,0,1,0,0,1,0,0,0,1,0,0,1,1,0,0,0,0,0,1,0,0,0
0,1,1,1,0,0,0,1,0,1,0,0,0,1,0,1,0,1,0,0,0,0,0,1,0,0,0
0,1,1,1,0,0,0,0,0,1,0,0,0,1,0,0,0,1,0,0,0,0,0,1,1,1,0
0,1,1,1,0,1,0,0,0,1,0,0,0,0,0,1,1,1,0,0,0,0,1,0,0,0,0
0,1,1,0,1,1,0,0,0,1,0,0,1,0,0,1,1,0,0,0,0,0,0,0,0,0,1
0,1,1,0,1,1,0,0,0,1,0,0,1,0,0,1,0,1,0,0,0,0,0,0,0,1,0
0,1,1,0,1,0,0,0,1,1,0,0,1,0,1,1,0,0,0,0,0,0,0,0,0,1,0
0,1,1,0,1,0,0,0,1,1,0,0,1,0,0,1,1,0,0,0,0,0,0,1,0,0,0
0,1,1,0,1,0,0,0,0,1,0,0,1,0,0,1,0,0,0,0,0,0,0,1,0,1,1
0,1,1,0,0,1,1,0,0,1,0,0,1,1,0,0,0,1,0,0,0,0,0,0,0,1,0
0,1,1,0,0,1,0,1,0,1,0,0,1,1,0,1,0,0,0,0,0,0,0,0,0,0,1
0,1,1,0,0,1,0,1,0,1,0,0,1,1,0,0,0,1,0,0,0,0,0,0,1,0,0
0,1,1,0,0,0,1,1,0,1,0,0,1,1,1,0,0,0,0,0,0,0,0,0,0,0,1
0,1,1,0,0,0,1,0,1,1,0,0,1,1,1,0,0,0,0,0,0,0,0,0,0,1,0
0,1,1,0,0,0,0,1,1,1,0,0,1,1,1,0,0,0,0,0,0,0,0,0,1,0,0
0,1,1,0,0,0,1,1,0,1,0,0,1,1,0,0,0,1,0,0,0,0,0,1,0,0,0
0,1,1,0,0,0,0,1,1,1,0,0,1,1,0,1,0,0,0,0,0,0,0,1,0,0,0
0,1,1,0,0,1,0,1,0,1,0,0,1,0,0,1,0,1,0,0,0,0,1,0,0,0,0
0,1,1,0,0,1,0,0,0,1,0,0,1,0,0,1,0,0,0,0,0,0,1,0,0,1,1
0,1,1,0,0,0,0,1,1,1,0,0,1,0,1,1,0,0,0,0,0,0,1,0,0,0,0
0,1,1,0,0,0,0,1,0,1,0,0,1,0,0,1,0,0,0,0,0,0,1,1,0,0,1
0,1,1,0,0,0,0,0,1,1,0,0,1,0,0,1,0,0,0,0,0,0,1,1,0,1,0
0,1,1,0,1,1,0,0,0,1,0,0,0,0,0,1,1,1,0,0,0,1,0,0,0,0,0
0,1,1,0,0,1,1,0,0,1,0,0,0,1,0,0,1,1,0,0,0,1,0,0,0,0,0
0,1,1,0,0,1,0,1,0,1,0,0,0,1,0,1,0,1,0,0,0,1,0,0,0,0,0
0,1,1,0,0,1,0,0,0,1,0,0,0,1,0,0,0,1,0,0,0,1,0,0,1,1,0
0,1,1,0,0,0,1,1,0,1,0,0,0,1,1,0,0,1,0,0,0,1,0,0,0,0,0
0,1,1,0,0,0,1,0,0,1,0,0,0,1,0,0,0,1,0,0,0,1,0,1,0,1,0
0,1,1,0,0,0,0,1,0,1,0,0,0,1,0,0,0,1,0,0,0,1,0,1,1,0,0
0,1,0,1,1,0,1,0,0,1,0,1,0,0,1,0,0,1,0,0,0,0,0,0,0,1,0
0,1,0,1,0,1,1,0,0,1,0,1,0,1,0,0,0,1,0,0,0,0,0,0,0,1,0
0,1,0,1,0,1,0,1,0,1,0,1,0,1,0,1,0,0,0,0,0,0,0,0,0,0,1
0,1,0,1,0,1,0,0,1,1,0,1,0,1,0,1,0,0,0,0,0,0,0,0,0,1,0
0,1,0,1,0,1,0,1,0,1,0,1,0,1,0,0,0,1,0,0,0,0,0,0,1,0,0
0,1,0,1,0,0,1,1,0,1,0,1,0,1,0,0,0,1,0,0,0,0,0,1,0,0,0
0,1,0,1,0,0,0,1,1,1,0,1,0,1,0,1,0,0,0,0,0,0,0,1,0,0,0
0,1,0,1,0,0,1,1,0,1,0,1,0,0,1,0,0,1,0,0,0,0,1,0,0,0,0
0,1,0,0,1,1,0,0,1,1,0,1,1,0,0,1,0,0,0,0,0,0,0,0,0,1,0
0,1,0,0,0,1,0,1,1,1,0,1,1,0,0,1,0,0,0,0,0,0,1,0,0,0,0
0,1,0,0,0,1,1,1,0,1,0,1,0,1,0,0,0,1,0,0,0,1,0,0,0,0,0
0,1,0,0,0,1,0,1,1,1,0,1,0,1,0,1,0,0,0,0,0,1,0,0,0,0,0
0,1,0,1,0,1,1,0,0,1,0,0,0,1,0,0,1,1,0,0,1,0,0,0,0,0,0
0,1,0,1,0,1,0,1,0,1,0,0,0,1,0,1,0,1,0,0,1,0,0,0,0,0,0
0,1,0,1,0,1,0,0,0,1,0,0,0,1,0,0,0,1,0,0,1,0,0,0,1,1,0
0,1,0,1,0,0,1,1,0,1,0,0,0,1,1,0,0,1,0,0,1,0,0,0,0,0,0
0,1,0,1,0,0,1,0,0,1,0,0,0,1,0,0,0,1,0,0,1,0,0,1,0,1,0
0,1,0,1,0,0,0,1,0,1,0,0,0,1,0,0,0,1,0,0,1,0,0,1,1,0,0
0,1,0,0,1,1,0,0,1,1,0,0,1,0,0,1,1,0,0,0,1,0,0,0,0,0,0
0,1,0,0,1,1,0,0,0,1,0,0,1,0,0,1,0,0,0,0,1,0,0,0,0,1,1
0,1,0,0,1,0,0,0,1,1,0,0,1,0,0,1,0,0,0,0,1,0,0,1,0,1,0
0,1,0,0,0,1,1,1,0,1,0,0,1,1,0,0,0,1,0,0,1,0,0,0,0,0,0
0,1,0,0,0,1,0,1,1,1,0,0,1,1,0,1,0,0,0,0,1,0,0,0,0,0,0
0,1,0,0,0,1,0,1,0,1,0,0,1,0,0,1,0,0,0,0,1,0,1,0,0,0,1
0,1,0,0,0,1,0,0,1,1,0,0,1,0,0,1,0,0,0,0,1,0,1,0,0,1,0
0,1,0,0,0,0,0,1,1,1,0,0,1,0,0,1,0,0,0,0,1,0,1,1,0,0,0
0,1,0,0,0,1,1,0,0,1,0,0,0,1,0,0,0,1,0,0,1,1,0,0,0,1,0
0,1,0,0,0,1,0,1,0,1,0,0,0,1,0,0,0,1,0,0,1,1,0,0,1,0,0
0,1,0,0,0,0,1,1,0,1,0,0,0,1,0,0,0,1,0,0,1,1,0,1,0,0,0
0,0,1,1,0,1,1,0,0,1,1,0,0,1,0,0,1,0,0,0,0,0,0,0,0,0,1
0,0,1,1,0,1,1,0,0,1,1,0,0,1,0,0,0,1,0,0,0,0,0,0,0,1,0
0,0,1,1,0,1,0,1,0,1,1,0,0,1,0,0,0,1,0,0,0,0,0,0,1,0,0
0,0,1,1,0,0,1,1,0,1,1,0,0,1,0,0,0,1,0,0,0,0,0,1,0,0,0
0,0,1,1,0,0,1,0,1,1,1,0,0,1,0,0,1,0,0,0,0,0,0,1,0,0,0
0,0,1,0,1,1,0,1,0,1,1,0,1,0,0,1,0,0,0,0,0,0,0,0,0,0,1
0,0,1,0,1,0,0,1,1,1,1,0,1,0,0,1,0,0,0,0,0,0,0,1,0,0,0
0,0,1,0,0,1,1,1,0,1,1,0,0,1,0,0,0,1,0,0,0,1,0,0,0,0,0
0,0,0,1,1,0,1,1,0,1,1,1,0,0,1,0,0,0,0,0,0,0,0,0,0,0,1
0,0,0,1,1,0,1,0,1,1,1,1,0,0,1,0,0,0,0,0,0,0,0,0,0,1,0
0,0,0,1,1,0,0,1,1,1,1,1,0,0,1,0,0,0,0,0,0,0,0,0,1,0,0
0,0,0,1,1,0,1,1,0,1,1,1,0,0,0,0,0,1,0,0,0,0,0,1,0,0,0
0,0,0,1,1,0,1,0,1,1,1,1,0,0,0,0,1,0,0,0,0,0,0,1,0,0,0
0,0,0,1,1,0,1,0,0,1,1,1,0,0,0,0,0,0,0,0,0,0,0,1,0,1,1
0,0,0,1,1,0,0,1,1,1,1,1,0,0,0,1,0,0,0,0,0,0,0,1,0,0,0
0,0,0,1,1,0,0,1,0,1,1,1,0,0,0,0,0,0,0,0,0,0,0,1,1,0,1
0,0,0,1,1,0,0,0,1,1,1,1,0,0,0,0,0,0,0,0,0,0,0,1,1,1,0
0,0,0,1,0,1,1,1,0,1,1,1,0,1,0,0,0,0,0,0,0,0,0,0,0,0,1
0,0,0,1,0,1,1,0,1,1,1,1,0,1,0,0,0,0,0,0,0,0,0,0,0,1,0
0,0,0,1,0,1,0,1,1,1,1,1,0,1,0,0,0,0,0,0,0,0,0,0,1,0,0
0,0,0,1,0,1,1,1,0,1,1,1,0,0,0,0,0,1,0,0,0,0,1,0,0,0,0
0,0,0,1,0,1,1,0,1,1,1,1,0,0,0,0,1,0,0,0,0,0,1,0,0,0,0
0,0,0,1,0,1,1,0,0,1,1,1,0,0,0,0,0,0,0,0,0,0,1,0,0,1,1
0,0,0,1,0,1,0,1,1,1,1,1,0,0,0,1,0,0,0,0,0,0,1,0,0,0,0
0,0,0,1,0,1,0,1,0,1,1,1,0,0,0,0,0,0,0,0,0,0,1,0,1,0,1
0,0,0,1,0,1,0,0,1,1,1,1,0,0,0,0,0,0,0,0,0,0,1,0,1,1,0
0,0,0,1,0,0,1,1,0,1,1,1,0,0,0,0,0,0,0,0,0,0,1,1,0,0,1
0,0,0,1,0,0,1,0,1,1,1,1,0,0,0,0,0,0,0,0,0,0,1,1,0,1,0
0,0,0,1,0,0,0,1,1,1,1,1,0,0,0,0,0,0,0,0,0,0,1,1,1,0,0
0,0,0,0,1,1,1,1,0,1,1,1,1,0,0,0,0,0,0,0,0,0,0,0,0,0,1
0,0,0,0,1,1,1,0,1,1,1,1,1,0,0,0,0,0,0,0,0,0,0,0,0,1,0
0,0,0,0,1,1,0,1,1,1,1,1,1,0,0,0,0,0,0,0,0,0,0,0,1,0,0
0,0,0,0,1,1,1,1,0,1,1,1,0,0,0,0,0,1,0,0,0,1,0,0,0,0,0
0,0,0,0,1,1,1,0,1,1,1,1,0,0,0,0,1,0,0,0,0,1,0,0,0,0,0
0,0,0,0,1,1,1,0,0,1,1,1,0,0,0,0,0,0,0,0,0,1,0,0,0,1,1
0,0,0,0,1,1,0,1,1,1,1,1,0,0,0,1,0,0,0,0,0,1,0,0,0,0,0
0,0,0,0,1,1,0,1,0,1,1,1,0,0,0,0,0,0,0,0,0,1,0,0,1,0,1
0,0,0,0,1,1,0,0,1,1,1,1,0,0,0,0,0,0,0,0,0,1,0,0,1,1,0
0,0,0,0,1,0,1,1,0,1,1,1,0,0,0,0,0,0,0,0,0,1,0,1,0,0,1
0,0,0,0,1,0,1,0,1,1,1,1,0,0,0,0,0,0,0,0,0,1,0,1,0,1,0
0,0,0,0,1,0,0,1,1,1,1,1,0,0,0,0,0,0,0,0,0,1,0,1,1,0,0
0,0,0,0,0,1,1,1,0,1,1,1,0,0,0,0,0,0,0,0,0,1,1,0,0,0,1
0,0,0,0,0,1,1,0,1,1,1,1,0,0,0,0,0,0,0,0,0,1,1,0,0,1,0
0,0,0,0,0,1,0,1,1,1,1,1,0,0,0,0,0,0,0,0,0,1,1,0,1,0,0
0,0,0,1,0,1,1,1,0,1,1,0,0,1,0,0,0,1,0,0,1,0,0,0,0,0,0
0,0,0,1,0,1,1,0,1,1,1,0,0,1,0,0,1,0,0,0,1,0,0,0,0,0,0
0,0,0,0,1,1,0,1,1,1,1,0,1,0,0,1,0,0,0,0,1,0,0,0,0,0,0
0,0,1,1,0,1,1,0,0,1,0,0,0,1,0,0,1,1,0,1,0,0,0,0,0,0,0
0,0,1,1,0,1,0,1,0,1,0,0,0,1,0,1,0,1,0,1,0,0,0,0,0,0,0
0,0,1,1,0,1,0,0,0,1,0,0,0,1,0,0,0,1,0,1,0,0,0,0,1,1,0
0,0,1,1,0,0,1,1,0,1,0,0,0,1,1,0,0,1,0,1,0,0,0,0,0,0,0
0,0,1,1,0,0,1,0,0,1,0,0,0,1,0,0,0,1,0,1,0,0,0,1,0,1,0
0,0,1,1,0,0,0,1,0,1,0,0,0,1,0,0,0,1,0,1,0,0,0,1,1,0,0
0,0,1,0,1,1,0,1,0,1,0,0,1,0,0,1,0,1,0,1,0,0,0,0,0,0,0
0,0,1,0,1,1,0,0,0,1,0,0,1,0,0,1,0,0,0,1,0,0,0,0,0,1,1
0,0,1,0,1,0,0,1,1,1,0,0,1,0,1,1,0,0,0,1,0,0,0,0,0,0,0
0,0,1,0,1,0,0,1,0,1,0,0,1,0,0,1,0,0,0,1,0,0,0,1,0,0,1
0,0,1,0,1,0,0,0,1,1,0,0,1,0,0,1,0,0,0,1,0,0,0,1,0,1,0
0,0,1,0,0,1,1,1,0,1,0,0,1,1,0,0,0,1,0,1,0,0,0,0,0,0,0
0,0,1,0,0,1,0,1,0,1,0,0,1,0,0,1,0,0,0,1,0,0,1,0,0,0,1
0,0,1,0,0,0,0,1,1,1,0,0,1,0,0,1,0,0,0,1,0,0,1,1,0,0,0
0,0,1,0,0,1,1,0,0,1,0,0,0,1,0,0,0,1,0,1,0,1,0,0,0,1,0
0,0,1,0,0,1,0,1,0,1,0,0,0,1,0,0,0,1,0,1,0,1,0,0,1,0,0
0,0,1,0,0,0,1,1,0,1,0,0,0,1,0,0,0,1,0,1,0,1,0,1,0,0,0
0,0,0,1,1,0,1,1,0,1,0,1,0,0,1,0,0,1,0,1,0,0,0,0,0,0,0
0,0,0,1,0,1,1,1,0,1,0,1,0,1,0,0,0,1,0,1,0,0,0,0,0,0,0
0,0,0,1,0,1,0,1,1,1,0,1,0,1,0,1,0,0,0,1,0,0,0,0,0,0,0
0,0,0,0,1,1,0,1,1,1,0,1,1,0,0,1,0,0,0,1,0,0,0,0,0,0,0
0,0,0,1,0,1,1,0,0,1,0,0,0,1,0,0,0,1,0,1,1,0,0,0,0,1,0
0,0,0,1,0,1,0,1,0,1,0,0,0,1,0,0,0,1,0,1,1,0,0,0,1,0,0
0,0,0,1,0,0,1,1,0,1,0,0,0,1,0,0,0,1,0,1,1,0,0,1,0,0,0
0,0,0,0,1,1,0,1,0,1,0,0,1,0,0,1,0,0,0,1,1,0,0,0,0,0,1
0,0,0,0,1,1,0,0,1,1,0,0,1,0,0,1,0,0,0,1,1,0,0,0,0,1,0
0,0,0,0,1,0,0,1,1,1,0,0,1,0,0,1,0,0,0,1,1,0,0,1,0,0,0
0,0,0,0,0,1,0,1,1,1,0,0,1,0,0,1,0,0,0,1,1,0,1,0,0,0,0
0,0,0,0,0,1,1,1,0,1,0,0,0,1,0,0,0,1,0,1,1,1,0,0,0,0,0
0,1,1,1,1,0,0,0,0,0,0,0,0,0,1,1,1,1,1,0,0,0,0,0,0,0,0
0,1,1,1,0,1,0,0,0,0,0,0,0,1,0,1,1,1,1,0,0,0,0,0,0,0,0
0,1,1,1,0,0,0,0,0,0,0,0,0,0,0,1,1,1,1,0,0,0,1,1,0,0,0
0,1,1,0,1,1,0,0,0,0,0,0,1,0,0,1,1,1,1,0,0,0,0,0,0,0,0
0,1,1,0,0,0,1,1,0,0,0,0,1,1,1,0,0,1,1,0,0,0,0,0,0,0,0
0,1,1,0,0,0,1,0,1,0,0,0,1,1,1,0,1,0,1,0,0,0,0,0,0,0,0
0,1,1,0,0,0,1,0,0,0,0,0,1,1,1,0,0,0,1,0,0,0,0,0,0,1,1
0,1,1,0,0,0,0,1,1,0,0,0,1,1,1,1,0,0,1,0,0,0,0,0,0,0,0
0,1,1,0,0,0,0,1,0,0,0,0,1,1,1,0,0,0,1,0,0,0,0,0,1,0,1
0,1,1,0,0,0,0,0,1,0,0,0,1,1,1,0,0,0,1,0,0,0,0,0,1,1,0
0,1,1,0,1,0,0,0,0,0,0,0,0,0,0,1,1,1,1,0,0,1,0,1,0,0,0
0,1,1,0,0,1,0,0,0,0,0,0,0,0,0,1,1,1,1,0,0,1,1,0,0,0,0
0,1,0,1,1,0,1,0,0,0,0,1,0,0,1,0,1,1,1,0,0,0,0,0,0,0,0
0,1,0,1,1,0,0,0,0,0,0,1,0,0,1,0,0,1,1,0,0,0,0,0,1,1,0
0,1,0,1,0,1,0,1,0,0,0,1,0,1,0,1,0,1,1,0,0,0,0,0,0,0,0
0,1,0,1,0,1,0,0,1,0,0,1,0,1,0,1,1,0,1,0,0,0,0,0,0,0,0
0,1,0,1,0,1,0,0,0,0,0,1,0,1,0,1,0,0,1,0,0,0,0,0,0,1,1
0,1,0,1,0,0,1,1,0,0,0,1,0,1,1,0,0,1,1,0,0,0,0,0,0,0,0
0,1,0,1,0,0,0,1,1,0,0,1,0,1,1,1,0,0,1,0,0,0,0,0,0,0,0
0,1,0,1,0,0,0,1,0,0,0,1,0,1,0,1,0,0,1,0,0,0,0,1,0,0,1
0,1,0,1,0,0,0,0,1,0,0,1,0,1,0,1,0,0,1,0,0,0,0,1,0,1,0
0,1,0,1,0,0,1,0,0,0,0,1,0,0,1,0,0,1,1,0,0,0,1,0,0,1,0
0,1,0,1,0,0,0,1,0,0,0,1,0,0,1,0,0,1,1,0,0,0,1,0,1,0,0
0,1,0,0,0,1,0,1,1,0,0,1,1,1,0,1,0,0,1,0,0,0,0,0,0,0,0
0,1,0,0,1,0,1,0,0,0,0,1,0,0,1,0,0,1,1,0,0,1,0,0,0,1,0
0,1,0,0,0,1,0,1,0,0,0,1,0,1,0,1,0,0,1,0,0,1,0,0,0,0,1
0,1,0,0,0,1,0,0,1,0,0,1,0,1,0,1,0,0,1,0,0,1,0,0,0,1,0
0,1,0,0,0,0,0,1,1,0,0,1,0,1,0,1,0,0,1,0,0,1,0,1,0,0,0
0,1,0,0,0,0,1,1,0,0,0,1,0,0,1,0,0,1,1,0,0,1,1,0,0,0,0
0,1,0,1,1,0,0,0,0,0,0,0,0,0,0,1,1,1,1,0,1,0,0,1,0,0,0
0,1,0,1,0,1,0,0,0,0,0,0,0,0,0,1,1,1,1,0,1,0,1,0,0,0,0
0,1,0,0,0,0,1,1,0,0,0,0,1,1,1,0,0,0,1,0,1,0,0,0,0,0,1
0,1,0,0,0,0,1,0,1,0,0,0,1,1,1,0,0,0,1,0,1,0,0,0,0,1,0
0,1,0,0,0,0,0,1,1,0,0,0,1,1,1,0,0,0,1,0,1,0,0,0,1,0,0
0,1,0,0,1,1,0,0,0,0,0,0,0,0,0,1,1,1,1,0,1,1,0,0,0,0,0
0,0,1,1,0,1,1,0,0,0,1,0,0,1,0,0,1,1,1,0,0,0,0,0,0,0,0
0,0,1,1,0,1,0,0,0,0,1,0,0,1,0,0,1,0,1,0,0,0,0,0,1,0,1
0,0,1,1,0,0,1,0,1,0,1,0,0,1,1,0,1,0,1,0,0,0,0,0,0,0,0
0,0,1,1,0,0,1,0,0,0,1,0,0,1,0,0,1,0,1,0,0,0,0,1,0,0,1
0,0,1,1,0,0,0,0,1,0,1,0,0,1,0,0,1,0,1,0,0,0,0,1,1,0,0
0,0,1,0,0,1,1,0,0,0,1,0,0,1,0,0,1,0,1,0,0,1,0,0,0,0,1
0,0,1,0,0,0,1,0,1,0,1,0,0,1,0,0,1,0,1,0,0,1,0,1,0,0,0
0,0,0,1,1,0,1,1,0,0,1,1,0,0,1,0,0,1,1,0,0,0,0,0,0,0,0
0,0,0,1,0,1,1,0,1,0,1,1,0,1,0,0,1,0,1,0,0,0,0,0,0,0,0
0,0,0,1,0,1,0,1,1,0,1,1,0,1,0,1,0,0,1,0,0,0,0,0,0,0,0
0,0,0,1,0,1,1,0,0,0,1,0,0,1,0,0,1,0,1,0,1,0,0,0,0,0,1
0,0,0,1,0,1,0,0,1,0,1,0,0,1,0,0,1,0,1,0,1,0,0,0,1,0,0
0,0,0,1,0,0,1,0,1,0,1,0,0,1,0,0,1,0,1,0,1,0,0,1,0,0,0
0,0,0,0,0,1,1,0,1,0,1,0,0,1,0,0,1,0,1,0,1,1,0,0,0,0,0
0,0,1,1,1,0,0,0,0,0,0,0,0,0,0,1,1,1,1,1,0,0,0,1,0,0,0
0,0,1,1,0,1,0,0,0,0,0,0,0,0,0,1,1,1,1,1,0,0,1,0,0,0,0
0,0,1,0,0,0,1,1,0,0,0,0,1,1,1,0,0,0,1,1,0,0,0,0,0,0,1
0,0,1,0,0,0,1,0,1,0,0,0,1,1,1,0,0,0,1,1,0,0,0,0,0,1,0
0,0,1,0,0,0,0,1,1,0,0,0,1,1,1,0,0,0,1,1,0,0,0,0,1,0,0
0,0,1,0,1,1,0,0,0,0,0,0,0,0,0,1,1,1,1,1,0,1,0,0,0,0,0
0,0,0,1,1,0,1,0,0,0,0,1,0,0,1,0,0,1,1,1,0,0,0,0,0,1,0
0,0,0,1,1,0,0,1,0,0,0,1,0,0,1,0,0,1,1,1,0,0,0,0,1,0,0
0,0,0,1,0,1,0,1,0,0,0,1,0,1,0,1,0,0,1,1,0,0,0,0,0,0,1
0,0,0,1,0,1,0,0,1,0,0,1,0,1,0,1,0,0,1,1,0,0,0,0,0,1,0
0,0,0,1,0,0,0,1,1,0,0,1,0,1,0,1,0,0,1,1,0,0,0,1,0,0,0
0,0,0,1,0,0,1,1,0,0,0,1,0,0,1,0,0,1,1,1,0,0,1,0,0,0,0
0,0,0,0,1,0,1,1,0,0,0,1,0,0,1,0,0,1,1,1,0,1,0,0,0,0,0
0,0,0,0,0,1,0,1,1,0,0,1,0,1,0,1,0,0,1,1,0,1,0,0,0,0,0
1,1,0,0,1,1,1,0,0,0,0,1,1,0,0,0,1,1,0,0,0,0,0,0,0,0,0
1,1,0,0,0,1,1,1,0,0,0,1,1,1,0,0,0,1,0,0,0,0,0,0,0,0,0
1,1,0,0,0,1,1,0,1,0,0,1,1,1,0,0,1,0,0,0,0,0,0,0,0,0,0
1,0,1,1,1,0,0,1,0,0,1,0,0,0,1,1,0,1,0,0,0,0,0,0,0,0,0
1,0,1,1,0,1,0,1,0,0,1,0,0,1,0,1,0,1,0,0,0,0,0,0,0,0,0
1,0,1,1,0,0,0,1,1,0,1,0,0,1,1,1,0,0,0,0,0,0,0,0,0,0,0
1,0,1,0,1,1,0,1,0,0,1,0,1,0,0,1,0,1,0,0,0,0,0,0,0,0,0
1,0,1,0,0,1,1,1,0,0,1,0,1,1,0,0,0,1,0,0,0,0,0,0,0,0,0
1,0,0,0,1,1,1,1,0,0,1,1,1,0,0,0,0,1,0,0,0,0,0,0,0,0,0
0,1,1,1,1,0,0,0,1,1,0,0,0,0,1,1,1,0,0,0,0,0,0,0,0,0,0
0,1,1,1,0,0,1,0,1,1,0,0,0,1,1,0,1,0,0,0,0,0,0,0,0,0,0
0,1,1,1,0,0,0,1,1,1,0,0,0,1,1,1,0,0,0,0,0,0,0,0,0,0,0
0,1,0,1,1,0,1,0,1,1,0,1,0,0,1,0,1,0,0,0,0,0,0,0,0,0,0
0,1,0,1,0,1,1,0,1,1,0,1,0,1,0,0,1,0,0,0,0,0,0,0,0,0,0
0,1,0,0,1,1,1,0,1,1,0,1,1,0,0,0,1,0,0,0,0,0,0,0,0,0,0
0,0,1,1,1,0,0,1,1,1,1,0,0,0,1,1,0,0,0,0,0,0,0,0,0,0,0
